request_date,year,month,day_of_week,day_of_month,week_of_year,season,medicine_name,medicine_category,quantity_requested,days_since_last_request
2021-08-25,2021,8,2,25,34,Wet,Paracetamol 500mg,Pain Reliever,138,13
2021-09-05,2021,9,6,5,35,Wet,Paracetamol 500mg,Pain Reliever,114,13
2021-09-19,2021,9,6,19,37,Wet,Paracetamol 500mg,Pain Reliever,131,13
2021-10-04,2021,10,0,4,40,Wet,Paracetamol 500mg,Pain Reliever,104,13
2021-10-19,2021,10,1,19,42,Wet,Paracetamol 500mg,Pain Reliever,117,13
2021-11-02,2021,11,1,2,44,Wet,Paracetamol 500mg,Pain Reliever,131,13
2021-11-16,2021,11,1,16,46,Wet,Paracetamol 500mg,Pain Reliever,125,13
2021-11-28,2021,11,6,28,47,Wet,Paracetamol 500mg,Pain Reliever,124,13
2021-12-11,2021,12,5,11,49,Dry,Paracetamol 500mg,Pain Reliever,123,13
2021-12-27,2021,12,0,27,52,Dry,Paracetamol 500mg,Pain Reliever,131,13
2022-01-09,2022,1,6,9,1,Dry,Paracetamol 500mg,Pain Reliever,131,13
2022-01-21,2022,1,4,21,3,Dry,Paracetamol 500mg,Pain Reliever,134,13
2022-02-01,2022,2,1,1,5,Dry,Paracetamol 500mg,Pain Reliever,139,13
2022-02-15,2022,2,1,15,7,Dry,Paracetamol 500mg,Pain Reliever,118,13
2022-02-28,2022,2,0,28,9,Dry,Paracetamol 500mg,Pain Reliever,112,13
2022-03-16,2022,3,2,16,11,Dry,Paracetamol 500mg,Pain Reliever,115,13
2022-03-27,2022,3,6,27,12,Dry,Paracetamol 500mg,Pain Reliever,133,13
2022-04-11,2022,4,0,11,15,Dry,Paracetamol 500mg,Pain Reliever,117,13
2022-04-25,2022,4,0,25,17,Dry,Paracetamol 500mg,Pain Reliever,150,13
2022-05-10,2022,5,1,10,19,Dry,Paracetamol 500mg,Pain Reliever,135,13
2022-05-25,2022,5,2,25,21,Dry,Paracetamol 500mg,Pain Reliever,116,13
2022-06-08,2022,6,2,8,23,Wet,Paracetamol 500mg,Pain Reliever,124,13
2022-06-22,2022,6,2,22,25,Wet,Paracetamol 500mg,Pain Reliever,130,13
2022-07-05,2022,7,1,5,27,Wet,Paracetamol 500mg,Pain Reliever,129,13
2022-07-21,2022,7,3,21,29,Wet,Paracetamol 500mg,Pain Reliever,115,13
2022-07-31,2022,7,6,31,30,Wet,Paracetamol 500mg,Pain Reliever,137,13
2022-08-16,2022,8,1,16,33,Wet,Paracetamol 500mg,Pain Reliever,139,13
2022-08-28,2022,8,6,28,34,Wet,Paracetamol 500mg,Pain Reliever,138,13
2022-09-08,2022,9,3,8,36,Wet,Paracetamol 500mg,Pain Reliever,123,13
2022-09-24,2022,9,5,24,38,Wet,Paracetamol 500mg,Pain Reliever,141,13
2022-10-04,2022,10,1,4,40,Wet,Paracetamol 500mg,Pain Reliever,105,13
2022-10-18,2022,10,1,18,42,Wet,Paracetamol 500mg,Pain Reliever,135,13
2022-10-30,2022,10,6,30,43,Wet,Paracetamol 500mg,Pain Reliever,130,13
2022-11-15,2022,11,1,15,46,Wet,Paracetamol 500mg,Pain Reliever,135,13
2022-11-26,2022,11,5,26,47,Wet,Paracetamol 500mg,Pain Reliever,118,13
2022-12-08,2022,12,3,8,49,Dry,Paracetamol 500mg,Pain Reliever,128,13
2022-12-19,2022,12,0,19,51,Dry,Paracetamol 500mg,Pain Reliever,126,13
2023-01-04,2023,1,2,4,1,Dry,Paracetamol 500mg,Pain Reliever,127,13
2023-01-17,2023,1,1,17,3,Dry,Paracetamol 500mg,Pain Reliever,146,13
2023-01-31,2023,1,1,31,5,Dry,Paracetamol 500mg,Pain Reliever,129,13
2023-02-14,2023,2,1,14,7,Dry,Paracetamol 500mg,Pain Reliever,108,13
2023-03-01,2023,3,2,1,9,Dry,Paracetamol 500mg,Pain Reliever,143,13
2023-03-16,2023,3,3,16,11,Dry,Paracetamol 500mg,Pain Reliever,132,13
2023-03-29,2023,3,2,29,13,Dry,Paracetamol 500mg,Pain Reliever,118,13
2023-04-13,2023,4,3,13,15,Dry,Paracetamol 500mg,Pain Reliever,129,13
2023-04-26,2023,4,2,26,17,Dry,Paracetamol 500mg,Pain Reliever,123,13
2023-05-06,2023,5,5,6,18,Dry,Paracetamol 500mg,Pain Reliever,118,13
2023-05-19,2023,5,4,19,20,Dry,Paracetamol 500mg,Pain Reliever,123,13
2023-06-03,2023,6,5,3,22,Wet,Paracetamol 500mg,Pain Reliever,128,13
2023-06-17,2023,6,5,17,24,Wet,Paracetamol 500mg,Pain Reliever,134,13
2023-07-03,2023,7,0,3,27,Wet,Paracetamol 500mg,Pain Reliever,115,13
2023-07-13,2023,7,3,13,28,Wet,Paracetamol 500mg,Pain Reliever,124,13
2023-07-24,2023,7,0,24,30,Wet,Paracetamol 500mg,Pain Reliever,158,13
2023-08-04,2023,8,4,4,31,Wet,Paracetamol 500mg,Pain Reliever,135,13
2023-08-14,2023,8,0,14,33,Wet,Paracetamol 500mg,Pain Reliever,125,13
2023-08-24,2023,8,3,24,34,Wet,Paracetamol 500mg,Pain Reliever,132,13
2023-09-07,2023,9,3,7,36,Wet,Paracetamol 500mg,Pain Reliever,119,13
2023-09-19,2023,9,1,19,38,Wet,Paracetamol 500mg,Pain Reliever,123,13
2023-10-04,2023,10,2,4,40,Wet,Paracetamol 500mg,Pain Reliever,123,13
2023-10-19,2023,10,3,19,42,Wet,Paracetamol 500mg,Pain Reliever,124,13
2023-10-29,2023,10,6,29,43,Wet,Paracetamol 500mg,Pain Reliever,114,13
2023-11-12,2023,11,6,12,45,Wet,Paracetamol 500mg,Pain Reliever,142,13
2023-11-25,2023,11,5,25,47,Wet,Paracetamol 500mg,Pain Reliever,118,13
2023-12-08,2023,12,4,8,49,Dry,Paracetamol 500mg,Pain Reliever,151,13
2023-12-24,2023,12,6,24,51,Dry,Paracetamol 500mg,Pain Reliever,150,13
2024-01-06,2024,1,5,6,1,Dry,Paracetamol 500mg,Pain Reliever,136,13
2024-01-22,2024,1,0,22,4,Dry,Paracetamol 500mg,Pain Reliever,143,13
2024-02-04,2024,2,6,4,5,Dry,Paracetamol 500mg,Pain Reliever,128,13
2024-02-14,2024,2,2,14,7,Dry,Paracetamol 500mg,Pain Reliever,110,13
2024-02-28,2024,2,2,28,9,Dry,Paracetamol 500mg,Pain Reliever,143,13
2024-03-09,2024,3,5,9,10,Dry,Paracetamol 500mg,Pain Reliever,123,13
2024-03-21,2024,3,3,21,12,Dry,Paracetamol 500mg,Pain Reliever,141,13
2024-03-31,2024,3,6,31,13,Dry,Paracetamol 500mg,Pain Reliever,132,13
2024-04-13,2024,4,5,13,15,Dry,Paracetamol 500mg,Pain Reliever,145,13
2024-04-25,2024,4,3,25,17,Dry,Paracetamol 500mg,Pain Reliever,123,13
2024-05-05,2024,5,6,5,18,Dry,Paracetamol 500mg,Pain Reliever,129,13
2024-05-19,2024,5,6,19,20,Dry,Paracetamol 500mg,Pain Reliever,118,13
2024-05-29,2024,5,2,29,22,Dry,Paracetamol 500mg,Pain Reliever,127,13
2024-06-14,2024,6,4,14,24,Wet,Paracetamol 500mg,Pain Reliever,135,13
2024-06-27,2024,6,3,27,26,Wet,Paracetamol 500mg,Pain Reliever,128,13
2024-07-12,2024,7,4,12,28,Wet,Paracetamol 500mg,Pain Reliever,124,13
2024-07-24,2024,7,2,24,30,Wet,Paracetamol 500mg,Pain Reliever,125,13
2024-08-03,2024,8,5,3,31,Wet,Paracetamol 500mg,Pain Reliever,130,13
2024-08-17,2024,8,5,17,33,Wet,Paracetamol 500mg,Pain Reliever,118,13
2024-08-30,2024,8,4,30,35,Wet,Paracetamol 500mg,Pain Reliever,123,13
2024-09-13,2024,9,4,13,37,Wet,Paracetamol 500mg,Pain Reliever,125,13
2024-09-25,2024,9,2,25,39,Wet,Paracetamol 500mg,Pain Reliever,121,13
2024-10-05,2024,10,5,5,40,Wet,Paracetamol 500mg,Pain Reliever,121,13
2024-10-15,2024,10,1,15,42,Wet,Paracetamol 500mg,Pain Reliever,124,13
2024-10-27,2024,10,6,27,43,Wet,Paracetamol 500mg,Pain Reliever,130,13
2024-11-12,2024,11,1,12,46,Wet,Paracetamol 500mg,Pain Reliever,128,13
2024-11-22,2024,11,4,22,47,Wet,Paracetamol 500mg,Pain Reliever,141,13
2024-12-07,2024,12,5,7,49,Dry,Paracetamol 500mg,Pain Reliever,123,13
2024-12-23,2024,12,0,23,52,Dry,Paracetamol 500mg,Pain Reliever,125,13
2025-01-06,2025,1,0,6,2,Dry,Paracetamol 500mg,Pain Reliever,108,13
2025-01-19,2025,1,6,19,3,Dry,Paracetamol 500mg,Pain Reliever,138,13
2025-02-03,2025,2,0,3,6,Dry,Paracetamol 500mg,Pain Reliever,122,13
2025-02-14,2025,2,4,14,7,Dry,Paracetamol 500mg,Pain Reliever,126,13
2025-02-26,2025,2,2,26,9,Dry,Paracetamol 500mg,Pain Reliever,126,13
2025-03-12,2025,3,2,12,11,Dry,Paracetamol 500mg,Pain Reliever,140,13
2025-03-22,2025,3,5,22,12,Dry,Paracetamol 500mg,Pain Reliever,123,13
2025-04-01,2025,4,1,1,14,Dry,Paracetamol 500mg,Pain Reliever,140,13
2025-04-14,2025,4,0,14,16,Dry,Paracetamol 500mg,Pain Reliever,132,13
2025-04-28,2025,4,0,28,18,Dry,Paracetamol 500mg,Pain Reliever,116,13
2025-05-10,2025,5,5,10,19,Dry,Paracetamol 500mg,Pain Reliever,132,13
2025-05-24,2025,5,5,24,21,Dry,Paracetamol 500mg,Pain Reliever,99,13
2025-06-05,2025,6,3,5,23,Wet,Paracetamol 500mg,Pain Reliever,126,13
2025-06-19,2025,6,3,19,25,Wet,Paracetamol 500mg,Pain Reliever,116,13
2025-07-05,2025,7,5,5,27,Wet,Paracetamol 500mg,Pain Reliever,134,13
2025-07-16,2025,7,2,16,29,Wet,Paracetamol 500mg,Pain Reliever,146,13
2025-07-31,2025,7,3,31,31,Wet,Paracetamol 500mg,Pain Reliever,110,13
2025-08-14,2025,8,3,14,33,Wet,Paracetamol 500mg,Pain Reliever,136,13
2025-08-29,2025,8,4,29,35,Wet,Paracetamol 500mg,Pain Reliever,135,13
2025-09-09,2025,9,1,9,37,Wet,Paracetamol 500mg,Pain Reliever,123,13
2025-09-19,2025,9,4,19,38,Wet,Paracetamol 500mg,Pain Reliever,122,13
2025-10-05,2025,10,6,5,40,Wet,Paracetamol 500mg,Pain Reliever,134,13
2025-10-16,2025,10,3,16,42,Wet,Paracetamol 500mg,Pain Reliever,137,13
2025-10-29,2025,10,2,29,44,Wet,Paracetamol 500mg,Pain Reliever,115,13
2025-11-14,2025,11,4,14,46,Wet,Paracetamol 500mg,Pain Reliever,144,13
2025-11-25,2025,11,1,25,48,Wet,Paracetamol 500mg,Pain Reliever,132,13
2025-12-05,2025,12,4,5,49,Dry,Paracetamol 500mg,Pain Reliever,129,13
2025-12-21,2025,12,6,21,51,Dry,Paracetamol 500mg,Pain Reliever,151,13
2026-01-02,2026,1,4,2,1,Dry,Paracetamol 500mg,Pain Reliever,138,13
2026-01-14,2026,1,2,14,3,Dry,Paracetamol 500mg,Pain Reliever,132,13
2026-01-26,2026,1,0,26,5,Dry,Paracetamol 500mg,Pain Reliever,139,13
2026-02-05,2026,2,3,5,6,Dry,Paracetamol 500mg,Pain Reliever,116,13
2026-02-21,2026,2,5,21,8,Dry,Paracetamol 500mg,Pain Reliever,123,13
2026-03-04,2026,3,2,4,10,Dry,Paracetamol 500mg,Pain Reliever,134,13
2026-03-18,2026,3,2,18,12,Dry,Paracetamol 500mg,Pain Reliever,141,13
2026-03-29,2026,3,6,29,13,Dry,Paracetamol 500mg,Pain Reliever,119,13
2026-04-09,2026,4,3,9,15,Dry,Paracetamol 500mg,Pain Reliever,134,13
2026-04-23,2026,4,3,23,17,Dry,Paracetamol 500mg,Pain Reliever,125,13
2026-05-05,2026,5,1,5,19,Dry,Paracetamol 500mg,Pain Reliever,123,13
2026-05-21,2026,5,3,21,21,Dry,Paracetamol 500mg,Pain Reliever,149,13
2026-05-31,2026,5,6,31,22,Dry,Paracetamol 500mg,Pain Reliever,134,13
2026-06-12,2026,6,4,12,24,Wet,Paracetamol 500mg,Pain Reliever,111,13
2026-06-27,2026,6,5,27,26,Wet,Paracetamol 500mg,Pain Reliever,127,13
2026-07-11,2026,7,5,11,28,Wet,Paracetamol 500mg,Pain Reliever,144,13
2026-07-24,2026,7,4,24,30,Wet,Paracetamol 500mg,Pain Reliever,123,13
2026-08-09,2026,8,6,9,32,Wet,Paracetamol 500mg,Pain Reliever,153,13
2021-08-23,2021,8,0,23,34,Wet,Biogesic,Pain Reliever,51,11
2021-09-04,2021,9,5,4,35,Wet,Biogesic,Pain Reliever,39,11
2021-09-18,2021,9,5,18,37,Wet,Biogesic,Pain Reliever,55,11
2021-09-28,2021,9,1,28,39,Wet,Biogesic,Pain Reliever,40,11
2021-10-07,2021,10,3,7,40,Wet,Biogesic,Pain Reliever,58,11
2021-10-16,2021,10,5,16,41,Wet,Biogesic,Pain Reliever,48,11
2021-10-25,2021,10,0,25,43,Wet,Biogesic,Pain Reliever,38,11
2021-11-04,2021,11,3,4,44,Wet,Biogesic,Pain Reliever,52,11
2021-11-17,2021,11,2,17,46,Wet,Biogesic,Pain Reliever,47,11
2021-11-29,2021,11,0,29,48,Wet,Biogesic,Pain Reliever,47,11
2021-12-08,2021,12,2,8,49,Dry,Biogesic,Pain Reliever,61,11
2021-12-18,2021,12,5,18,50,Dry,Biogesic,Pain Reliever,45,11
2021-12-31,2021,12,4,31,52,Dry,Biogesic,Pain Reliever,35,11
2022-01-12,2022,1,2,12,2,Dry,Biogesic,Pain Reliever,58,11
2022-01-22,2022,1,5,22,3,Dry,Biogesic,Pain Reliever,47,11
2022-01-30,2022,1,6,30,4,Dry,Biogesic,Pain Reliever,37,11
2022-02-10,2022,2,3,10,6,Dry,Biogesic,Pain Reliever,37,11
2022-02-18,2022,2,4,18,7,Dry,Biogesic,Pain Reliever,54,11
2022-03-02,2022,3,2,2,9,Dry,Biogesic,Pain Reliever,54,11
2022-03-16,2022,3,2,16,11,Dry,Biogesic,Pain Reliever,33,11
2022-03-29,2022,3,1,29,13,Dry,Biogesic,Pain Reliever,49,11
2022-04-07,2022,4,3,7,14,Dry,Biogesic,Pain Reliever,43,11
2022-04-16,2022,4,5,16,15,Dry,Biogesic,Pain Reliever,44,11
2022-04-28,2022,4,3,28,17,Dry,Biogesic,Pain Reliever,54,11
2022-05-06,2022,5,4,6,18,Dry,Biogesic,Pain Reliever,48,11
2022-05-18,2022,5,2,18,20,Dry,Biogesic,Pain Reliever,41,11
2022-05-31,2022,5,1,31,22,Dry,Biogesic,Pain Reliever,66,11
2022-06-14,2022,6,1,14,24,Wet,Biogesic,Pain Reliever,62,11
2022-06-27,2022,6,0,27,26,Wet,Biogesic,Pain Reliever,59,11
2022-07-11,2022,7,0,11,28,Wet,Biogesic,Pain Reliever,48,11
2022-07-20,2022,7,2,20,29,Wet,Biogesic,Pain Reliever,52,11
2022-08-02,2022,8,1,2,31,Wet,Biogesic,Pain Reliever,58,11
2022-08-10,2022,8,2,10,32,Wet,Biogesic,Pain Reliever,49,11
2022-08-18,2022,8,3,18,33,Wet,Biogesic,Pain Reliever,54,11
2022-08-30,2022,8,1,30,35,Wet,Biogesic,Pain Reliever,59,11
2022-09-12,2022,9,0,12,37,Wet,Biogesic,Pain Reliever,43,11
2022-09-24,2022,9,5,24,38,Wet,Biogesic,Pain Reliever,52,11
2022-10-02,2022,10,6,2,39,Wet,Biogesic,Pain Reliever,56,11
2022-10-16,2022,10,6,16,41,Wet,Biogesic,Pain Reliever,40,11
2022-10-25,2022,10,1,25,43,Wet,Biogesic,Pain Reliever,50,11
2022-11-03,2022,11,3,3,44,Wet,Biogesic,Pain Reliever,59,11
2022-11-15,2022,11,1,15,46,Wet,Biogesic,Pain Reliever,52,11
2022-11-29,2022,11,1,29,48,Wet,Biogesic,Pain Reliever,56,11
2022-12-08,2022,12,3,8,49,Dry,Biogesic,Pain Reliever,52,11
2022-12-22,2022,12,3,22,51,Dry,Biogesic,Pain Reliever,49,11
2023-01-02,2023,1,0,2,1,Dry,Biogesic,Pain Reliever,51,11
2023-01-16,2023,1,0,16,3,Dry,Biogesic,Pain Reliever,48,11
2023-01-26,2023,1,3,26,4,Dry,Biogesic,Pain Reliever,54,11
2023-02-04,2023,2,5,4,5,Dry,Biogesic,Pain Reliever,63,11
2023-02-15,2023,2,2,15,7,Dry,Biogesic,Pain Reliever,36,11
2023-02-28,2023,2,1,28,9,Dry,Biogesic,Pain Reliever,50,11
2023-03-10,2023,3,4,10,10,Dry,Biogesic,Pain Reliever,52,11
2023-03-24,2023,3,4,24,12,Dry,Biogesic,Pain Reliever,41,11
2023-04-07,2023,4,4,7,14,Dry,Biogesic,Pain Reliever,48,11
2023-04-18,2023,4,1,18,16,Dry,Biogesic,Pain Reliever,43,11
2023-04-28,2023,4,4,28,17,Dry,Biogesic,Pain Reliever,60,11
2023-05-07,2023,5,6,7,18,Dry,Biogesic,Pain Reliever,52,11
2023-05-19,2023,5,4,19,20,Dry,Biogesic,Pain Reliever,42,11
2023-05-31,2023,5,2,31,22,Dry,Biogesic,Pain Reliever,51,11
2023-06-13,2023,6,1,13,24,Wet,Biogesic,Pain Reliever,47,11
2023-06-25,2023,6,6,25,25,Wet,Biogesic,Pain Reliever,46,11
2023-07-09,2023,7,6,9,27,Wet,Biogesic,Pain Reliever,53,11
2023-07-22,2023,7,5,22,29,Wet,Biogesic,Pain Reliever,42,11
2023-07-30,2023,7,6,30,30,Wet,Biogesic,Pain Reliever,45,11
2023-08-07,2023,8,0,7,32,Wet,Biogesic,Pain Reliever,51,11
2023-08-20,2023,8,6,20,33,Wet,Biogesic,Pain Reliever,52,11
2023-08-29,2023,8,1,29,35,Wet,Biogesic,Pain Reliever,55,11
2023-09-08,2023,9,4,8,36,Wet,Biogesic,Pain Reliever,50,11
2023-09-20,2023,9,2,20,38,Wet,Biogesic,Pain Reliever,59,11
2023-09-30,2023,9,5,30,39,Wet,Biogesic,Pain Reliever,44,11
2023-10-12,2023,10,3,12,41,Wet,Biogesic,Pain Reliever,43,11
2023-10-20,2023,10,4,20,42,Wet,Biogesic,Pain Reliever,43,11
2023-10-31,2023,10,1,31,44,Wet,Biogesic,Pain Reliever,44,11
2023-11-08,2023,11,2,8,45,Wet,Biogesic,Pain Reliever,54,11
2023-11-20,2023,11,0,20,47,Wet,Biogesic,Pain Reliever,50,11
2023-12-03,2023,12,6,3,48,Dry,Biogesic,Pain Reliever,52,11
2023-12-11,2023,12,0,11,50,Dry,Biogesic,Pain Reliever,51,11
2023-12-23,2023,12,5,23,51,Dry,Biogesic,Pain Reliever,47,11
2024-01-01,2024,1,0,1,1,Dry,Biogesic,Pain Reliever,44,11
2024-01-14,2024,1,6,14,2,Dry,Biogesic,Pain Reliever,52,11
2024-01-27,2024,1,5,27,4,Dry,Biogesic,Pain Reliever,44,11
2024-02-07,2024,2,2,7,6,Dry,Biogesic,Pain Reliever,59,11
2024-02-20,2024,2,1,20,8,Dry,Biogesic,Pain Reliever,38,11
2024-03-03,2024,3,6,3,9,Dry,Biogesic,Pain Reliever,48,11
2024-03-14,2024,3,3,14,11,Dry,Biogesic,Pain Reliever,50,11
2024-03-27,2024,3,2,27,13,Dry,Biogesic,Pain Reliever,63,11
2024-04-05,2024,4,4,5,14,Dry,Biogesic,Pain Reliever,45,11
2024-04-18,2024,4,3,18,16,Dry,Biogesic,Pain Reliever,43,11
2024-04-29,2024,4,0,29,18,Dry,Biogesic,Pain Reliever,40,11
2024-05-12,2024,5,6,12,19,Dry,Biogesic,Pain Reliever,52,11
2024-05-23,2024,5,3,23,21,Dry,Biogesic,Pain Reliever,46,11
2024-06-05,2024,6,2,5,23,Wet,Biogesic,Pain Reliever,47,11
2024-06-19,2024,6,2,19,25,Wet,Biogesic,Pain Reliever,51,11
2024-06-28,2024,6,4,28,26,Wet,Biogesic,Pain Reliever,38,11
2024-07-06,2024,7,5,6,27,Wet,Biogesic,Pain Reliever,56,11
2024-07-19,2024,7,4,19,29,Wet,Biogesic,Pain Reliever,48,11
2024-07-27,2024,7,5,27,30,Wet,Biogesic,Pain Reliever,59,11
2024-08-05,2024,8,0,5,32,Wet,Biogesic,Pain Reliever,40,11
2024-08-13,2024,8,1,13,33,Wet,Biogesic,Pain Reliever,43,11
2024-08-21,2024,8,2,21,34,Wet,Biogesic,Pain Reliever,55,11
2024-09-02,2024,9,0,2,36,Wet,Biogesic,Pain Reliever,41,11
2024-09-15,2024,9,6,15,37,Wet,Biogesic,Pain Reliever,43,11
2024-09-28,2024,9,5,28,39,Wet,Biogesic,Pain Reliever,50,11
2024-10-10,2024,10,3,10,41,Wet,Biogesic,Pain Reliever,52,11
2024-10-24,2024,10,3,24,43,Wet,Biogesic,Pain Reliever,53,11
2024-11-07,2024,11,3,7,45,Wet,Biogesic,Pain Reliever,50,11
2024-11-15,2024,11,4,15,46,Wet,Biogesic,Pain Reliever,48,11
2024-11-27,2024,11,2,27,48,Wet,Biogesic,Pain Reliever,61,11
2024-12-07,2024,12,5,7,49,Dry,Biogesic,Pain Reliever,49,11
2024-12-17,2024,12,1,17,51,Dry,Biogesic,Pain Reliever,47,11
2024-12-31,2024,12,1,31,1,Dry,Biogesic,Pain Reliever,60,11
2025-01-13,2025,1,0,13,3,Dry,Biogesic,Pain Reliever,60,11
2025-01-26,2025,1,6,26,4,Dry,Biogesic,Pain Reliever,56,11
2025-02-05,2025,2,2,5,6,Dry,Biogesic,Pain Reliever,55,11
2025-02-18,2025,2,1,18,8,Dry,Biogesic,Pain Reliever,55,11
2025-02-27,2025,2,3,27,9,Dry,Biogesic,Pain Reliever,47,11
2025-03-13,2025,3,3,13,11,Dry,Biogesic,Pain Reliever,47,11
2025-03-24,2025,3,0,24,13,Dry,Biogesic,Pain Reliever,48,11
2025-04-05,2025,4,5,5,14,Dry,Biogesic,Pain Reliever,50,11
2025-04-17,2025,4,3,17,16,Dry,Biogesic,Pain Reliever,55,11
2025-04-27,2025,4,6,27,17,Dry,Biogesic,Pain Reliever,51,11
2025-05-07,2025,5,2,7,19,Dry,Biogesic,Pain Reliever,47,11
2025-05-16,2025,5,4,16,20,Dry,Biogesic,Pain Reliever,47,11
2025-05-30,2025,5,4,30,22,Dry,Biogesic,Pain Reliever,49,11
2025-06-10,2025,6,1,10,24,Wet,Biogesic,Pain Reliever,62,11
2025-06-19,2025,6,3,19,25,Wet,Biogesic,Pain Reliever,52,11
2025-06-30,2025,6,0,30,27,Wet,Biogesic,Pain Reliever,52,11
2025-07-11,2025,7,4,11,28,Wet,Biogesic,Pain Reliever,57,11
2025-07-25,2025,7,4,25,30,Wet,Biogesic,Pain Reliever,42,11
2025-08-03,2025,8,6,3,31,Wet,Biogesic,Pain Reliever,37,11
2025-08-16,2025,8,5,16,33,Wet,Biogesic,Pain Reliever,49,11
2025-08-28,2025,8,3,28,35,Wet,Biogesic,Pain Reliever,42,11
2025-09-11,2025,9,3,11,37,Wet,Biogesic,Pain Reliever,62,11
2025-09-25,2025,9,3,25,39,Wet,Biogesic,Pain Reliever,44,11
2025-10-09,2025,10,3,9,41,Wet,Biogesic,Pain Reliever,35,11
2025-10-20,2025,10,0,20,43,Wet,Biogesic,Pain Reliever,57,11
2025-10-30,2025,10,3,30,44,Wet,Biogesic,Pain Reliever,48,11
2025-11-09,2025,11,6,9,45,Wet,Biogesic,Pain Reliever,62,11
2025-11-19,2025,11,2,19,47,Wet,Biogesic,Pain Reliever,55,11
2025-11-29,2025,11,5,29,48,Wet,Biogesic,Pain Reliever,44,11
2025-12-10,2025,12,2,10,50,Dry,Biogesic,Pain Reliever,48,11
2025-12-18,2025,12,3,18,51,Dry,Biogesic,Pain Reliever,56,11
2025-12-27,2025,12,5,27,52,Dry,Biogesic,Pain Reliever,41,11
2026-01-07,2026,1,2,7,2,Dry,Biogesic,Pain Reliever,51,11
2026-01-21,2026,1,2,21,4,Dry,Biogesic,Pain Reliever,52,11
2026-02-04,2026,2,2,4,6,Dry,Biogesic,Pain Reliever,48,11
2026-02-17,2026,2,1,17,8,Dry,Biogesic,Pain Reliever,43,11
2026-03-01,2026,3,6,1,9,Dry,Biogesic,Pain Reliever,47,11
2026-03-11,2026,3,2,11,11,Dry,Biogesic,Pain Reliever,49,11
2026-03-22,2026,3,6,22,12,Dry,Biogesic,Pain Reliever,50,11
2026-04-01,2026,4,2,1,14,Dry,Biogesic,Pain Reliever,42,11
2026-04-13,2026,4,0,13,16,Dry,Biogesic,Pain Reliever,37,11
2026-04-22,2026,4,2,22,17,Dry,Biogesic,Pain Reliever,45,11
2026-05-03,2026,5,6,3,18,Dry,Biogesic,Pain Reliever,48,11
2026-05-13,2026,5,2,13,20,Dry,Biogesic,Pain Reliever,44,11
2026-05-25,2026,5,0,25,22,Dry,Biogesic,Pain Reliever,52,11
2026-06-06,2026,6,5,6,23,Wet,Biogesic,Pain Reliever,42,11
2026-06-20,2026,6,5,20,25,Wet,Biogesic,Pain Reliever,55,11
2026-07-03,2026,7,4,3,27,Wet,Biogesic,Pain Reliever,52,11
2026-07-14,2026,7,1,14,29,Wet,Biogesic,Pain Reliever,65,11
2026-07-27,2026,7,0,27,31,Wet,Biogesic,Pain Reliever,46,11
2026-08-10,2026,8,0,10,33,Wet,Biogesic,Pain Reliever,53,11
2021-08-17,2021,8,1,17,33,Wet,Amoxicillin 500mg,Antibiotic,55,9
2021-08-24,2021,8,1,24,34,Wet,Amoxicillin 500mg,Antibiotic,65,9
2021-09-01,2021,9,2,1,35,Wet,Amoxicillin 500mg,Antibiotic,48,9
2021-09-13,2021,9,0,13,37,Wet,Amoxicillin 500mg,Antibiotic,50,9
2021-09-19,2021,9,6,19,37,Wet,Amoxicillin 500mg,Antibiotic,52,9
2021-09-28,2021,9,1,28,39,Wet,Amoxicillin 500mg,Antibiotic,43,9
2021-10-06,2021,10,2,6,40,Wet,Amoxicillin 500mg,Antibiotic,64,9
2021-10-12,2021,10,1,12,41,Wet,Amoxicillin 500mg,Antibiotic,53,9
2021-10-18,2021,10,0,18,42,Wet,Amoxicillin 500mg,Antibiotic,54,9
2021-10-30,2021,10,5,30,43,Wet,Amoxicillin 500mg,Antibiotic,47,9
2021-11-10,2021,11,2,10,45,Wet,Amoxicillin 500mg,Antibiotic,45,9
2021-11-18,2021,11,3,18,46,Wet,Amoxicillin 500mg,Antibiotic,61,9
2021-11-25,2021,11,3,25,47,Wet,Amoxicillin 500mg,Antibiotic,55,9
2021-12-01,2021,12,2,1,48,Dry,Amoxicillin 500mg,Antibiotic,51,9
2021-12-10,2021,12,4,10,49,Dry,Amoxicillin 500mg,Antibiotic,47,9
2021-12-20,2021,12,0,20,51,Dry,Amoxicillin 500mg,Antibiotic,48,9
2021-12-28,2021,12,1,28,52,Dry,Amoxicillin 500mg,Antibiotic,56,9
2022-01-03,2022,1,0,3,1,Dry,Amoxicillin 500mg,Antibiotic,53,9
2022-01-09,2022,1,6,9,1,Dry,Amoxicillin 500mg,Antibiotic,52,9
2022-01-16,2022,1,6,16,2,Dry,Amoxicillin 500mg,Antibiotic,52,9
2022-01-27,2022,1,3,27,4,Dry,Amoxicillin 500mg,Antibiotic,59,9
2022-02-05,2022,2,5,5,5,Dry,Amoxicillin 500mg,Antibiotic,60,9
2022-02-13,2022,2,6,13,6,Dry,Amoxicillin 500mg,Antibiotic,49,9
2022-02-19,2022,2,5,19,7,Dry,Amoxicillin 500mg,Antibiotic,58,9
2022-03-02,2022,3,2,2,9,Dry,Amoxicillin 500mg,Antibiotic,53,9
2022-03-13,2022,3,6,13,10,Dry,Amoxicillin 500mg,Antibiotic,44,9
2022-03-20,2022,3,6,20,11,Dry,Amoxicillin 500mg,Antibiotic,55,9
2022-03-31,2022,3,3,31,13,Dry,Amoxicillin 500mg,Antibiotic,71,9
2022-04-06,2022,4,2,6,14,Dry,Amoxicillin 500mg,Antibiotic,60,9
2022-04-12,2022,4,1,12,15,Dry,Amoxicillin 500mg,Antibiotic,50,9
2022-04-22,2022,4,4,22,16,Dry,Amoxicillin 500mg,Antibiotic,58,9
2022-05-04,2022,5,2,4,18,Dry,Amoxicillin 500mg,Antibiotic,40,9
2022-05-13,2022,5,4,13,19,Dry,Amoxicillin 500mg,Antibiotic,58,9
2022-05-20,2022,5,4,20,20,Dry,Amoxicillin 500mg,Antibiotic,42,9
2022-05-28,2022,5,5,28,21,Dry,Amoxicillin 500mg,Antibiotic,66,9
2022-06-04,2022,6,5,4,22,Wet,Amoxicillin 500mg,Antibiotic,58,9
2022-06-13,2022,6,0,13,24,Wet,Amoxicillin 500mg,Antibiotic,54,9
2022-06-25,2022,6,5,25,25,Wet,Amoxicillin 500mg,Antibiotic,61,9
2022-07-06,2022,7,2,6,27,Wet,Amoxicillin 500mg,Antibiotic,65,9
2022-07-14,2022,7,3,14,28,Wet,Amoxicillin 500mg,Antibiotic,67,9
2022-07-24,2022,7,6,24,29,Wet,Amoxicillin 500mg,Antibiotic,53,9
2022-08-05,2022,8,4,5,31,Wet,Amoxicillin 500mg,Antibiotic,58,9
2022-08-12,2022,8,4,12,32,Wet,Amoxicillin 500mg,Antibiotic,52,9
2022-08-24,2022,8,2,24,34,Wet,Amoxicillin 500mg,Antibiotic,49,9
2022-08-30,2022,8,1,30,35,Wet,Amoxicillin 500mg,Antibiotic,57,9
2022-09-08,2022,9,3,8,36,Wet,Amoxicillin 500mg,Antibiotic,43,9
2022-09-18,2022,9,6,18,37,Wet,Amoxicillin 500mg,Antibiotic,54,9
2022-09-30,2022,9,4,30,39,Wet,Amoxicillin 500mg,Antibiotic,39,9
2022-10-06,2022,10,3,6,40,Wet,Amoxicillin 500mg,Antibiotic,54,9
2022-10-16,2022,10,6,16,41,Wet,Amoxicillin 500mg,Antibiotic,56,9
2022-10-23,2022,10,6,23,42,Wet,Amoxicillin 500mg,Antibiotic,63,9
2022-10-31,2022,10,0,31,44,Wet,Amoxicillin 500mg,Antibiotic,63,9
2022-11-12,2022,11,5,12,45,Wet,Amoxicillin 500mg,Antibiotic,46,9
2022-11-20,2022,11,6,20,46,Wet,Amoxicillin 500mg,Antibiotic,40,9
2022-11-30,2022,11,2,30,48,Wet,Amoxicillin 500mg,Antibiotic,60,9
2022-12-10,2022,12,5,10,49,Dry,Amoxicillin 500mg,Antibiotic,53,9
2022-12-19,2022,12,0,19,51,Dry,Amoxicillin 500mg,Antibiotic,52,9
2022-12-29,2022,12,3,29,52,Dry,Amoxicillin 500mg,Antibiotic,59,9
2023-01-08,2023,1,6,8,1,Dry,Amoxicillin 500mg,Antibiotic,50,9
2023-01-17,2023,1,1,17,3,Dry,Amoxicillin 500mg,Antibiotic,58,9
2023-01-23,2023,1,0,23,4,Dry,Amoxicillin 500mg,Antibiotic,65,9
2023-02-04,2023,2,5,4,5,Dry,Amoxicillin 500mg,Antibiotic,51,9
2023-02-13,2023,2,0,13,7,Dry,Amoxicillin 500mg,Antibiotic,48,9
2023-02-25,2023,2,5,25,8,Dry,Amoxicillin 500mg,Antibiotic,53,9
2023-03-03,2023,3,4,3,9,Dry,Amoxicillin 500mg,Antibiotic,59,9
2023-03-12,2023,3,6,12,10,Dry,Amoxicillin 500mg,Antibiotic,62,9
2023-03-20,2023,3,0,20,12,Dry,Amoxicillin 500mg,Antibiotic,54,9
2023-03-27,2023,3,0,27,13,Dry,Amoxicillin 500mg,Antibiotic,51,9
2023-04-03,2023,4,0,3,14,Dry,Amoxicillin 500mg,Antibiotic,60,9
2023-04-13,2023,4,3,13,15,Dry,Amoxicillin 500mg,Antibiotic,56,9
2023-04-19,2023,4,2,19,16,Dry,Amoxicillin 500mg,Antibiotic,46,9
2023-04-26,2023,4,2,26,17,Dry,Amoxicillin 500mg,Antibiotic,64,9
2023-05-06,2023,5,5,6,18,Dry,Amoxicillin 500mg,Antibiotic,47,9
2023-05-12,2023,5,4,12,19,Dry,Amoxicillin 500mg,Antibiotic,64,9
2023-05-20,2023,5,5,20,20,Dry,Amoxicillin 500mg,Antibiotic,63,9
2023-05-29,2023,5,0,29,22,Dry,Amoxicillin 500mg,Antibiotic,53,9
2023-06-05,2023,6,0,5,23,Wet,Amoxicillin 500mg,Antibiotic,57,9
2023-06-13,2023,6,1,13,24,Wet,Amoxicillin 500mg,Antibiotic,49,9
2023-06-24,2023,6,5,24,25,Wet,Amoxicillin 500mg,Antibiotic,48,9
2023-07-01,2023,7,5,1,26,Wet,Amoxicillin 500mg,Antibiotic,54,9
2023-07-11,2023,7,1,11,28,Wet,Amoxicillin 500mg,Antibiotic,54,9
2023-07-19,2023,7,2,19,29,Wet,Amoxicillin 500mg,Antibiotic,50,9
2023-07-27,2023,7,3,27,30,Wet,Amoxicillin 500mg,Antibiotic,63,9
2023-08-04,2023,8,4,4,31,Wet,Amoxicillin 500mg,Antibiotic,63,9
2023-08-12,2023,8,5,12,32,Wet,Amoxicillin 500mg,Antibiotic,63,9
2023-08-20,2023,8,6,20,33,Wet,Amoxicillin 500mg,Antibiotic,43,9
2023-08-29,2023,8,1,29,35,Wet,Amoxicillin 500mg,Antibiotic,45,9
2023-09-05,2023,9,1,5,36,Wet,Amoxicillin 500mg,Antibiotic,53,9
2023-09-12,2023,9,1,12,37,Wet,Amoxicillin 500mg,Antibiotic,44,9
2023-09-23,2023,9,5,23,38,Wet,Amoxicillin 500mg,Antibiotic,65,9
2023-09-30,2023,9,5,30,39,Wet,Amoxicillin 500mg,Antibiotic,62,9
2023-10-12,2023,10,3,12,41,Wet,Amoxicillin 500mg,Antibiotic,46,9
2023-10-20,2023,10,4,20,42,Wet,Amoxicillin 500mg,Antibiotic,48,9
2023-10-30,2023,10,0,30,44,Wet,Amoxicillin 500mg,Antibiotic,60,9
2023-11-10,2023,11,4,10,45,Wet,Amoxicillin 500mg,Antibiotic,62,9
2023-11-22,2023,11,2,22,47,Wet,Amoxicillin 500mg,Antibiotic,67,9
2023-12-01,2023,12,4,1,48,Dry,Amoxicillin 500mg,Antibiotic,46,9
2023-12-10,2023,12,6,10,49,Dry,Amoxicillin 500mg,Antibiotic,49,9
2023-12-21,2023,12,3,21,51,Dry,Amoxicillin 500mg,Antibiotic,58,9
2024-01-01,2024,1,0,1,1,Dry,Amoxicillin 500mg,Antibiotic,56,9
2024-01-08,2024,1,0,8,2,Dry,Amoxicillin 500mg,Antibiotic,52,9
2024-01-17,2024,1,2,17,3,Dry,Amoxicillin 500mg,Antibiotic,59,9
2024-01-25,2024,1,3,25,4,Dry,Amoxicillin 500mg,Antibiotic,61,9
2024-02-02,2024,2,4,2,5,Dry,Amoxicillin 500mg,Antibiotic,48,9
2024-02-09,2024,2,4,9,6,Dry,Amoxicillin 500mg,Antibiotic,52,9
2024-02-21,2024,2,2,21,8,Dry,Amoxicillin 500mg,Antibiotic,54,9
2024-02-29,2024,2,3,29,9,Dry,Amoxicillin 500mg,Antibiotic,47,9
2024-03-11,2024,3,0,11,11,Dry,Amoxicillin 500mg,Antibiotic,47,9
2024-03-19,2024,3,1,19,12,Dry,Amoxicillin 500mg,Antibiotic,70,9
2024-03-28,2024,3,3,28,13,Dry,Amoxicillin 500mg,Antibiotic,59,9
2024-04-05,2024,4,4,5,14,Dry,Amoxicillin 500mg,Antibiotic,51,9
2024-04-17,2024,4,2,17,16,Dry,Amoxicillin 500mg,Antibiotic,59,9
2024-04-23,2024,4,1,23,17,Dry,Amoxicillin 500mg,Antibiotic,57,9
2024-05-05,2024,5,6,5,18,Dry,Amoxicillin 500mg,Antibiotic,53,9
2024-05-14,2024,5,1,14,20,Dry,Amoxicillin 500mg,Antibiotic,46,9
2024-05-24,2024,5,4,24,21,Dry,Amoxicillin 500mg,Antibiotic,45,9
2024-05-31,2024,5,4,31,22,Dry,Amoxicillin 500mg,Antibiotic,59,9
2024-06-09,2024,6,6,9,23,Wet,Amoxicillin 500mg,Antibiotic,56,9
2024-06-15,2024,6,5,15,24,Wet,Amoxicillin 500mg,Antibiotic,56,9
2024-06-21,2024,6,4,21,25,Wet,Amoxicillin 500mg,Antibiotic,46,9
2024-07-03,2024,7,2,3,27,Wet,Amoxicillin 500mg,Antibiotic,57,9
2024-07-10,2024,7,2,10,28,Wet,Amoxicillin 500mg,Antibiotic,60,9
2024-07-20,2024,7,5,20,29,Wet,Amoxicillin 500mg,Antibiotic,45,9
2024-07-31,2024,7,2,31,31,Wet,Amoxicillin 500mg,Antibiotic,51,9
2024-08-12,2024,8,0,12,33,Wet,Amoxicillin 500mg,Antibiotic,58,9
2024-08-18,2024,8,6,18,33,Wet,Amoxicillin 500mg,Antibiotic,43,9
2024-08-24,2024,8,5,24,34,Wet,Amoxicillin 500mg,Antibiotic,55,9
2024-09-04,2024,9,2,4,36,Wet,Amoxicillin 500mg,Antibiotic,56,9
2024-09-11,2024,9,2,11,37,Wet,Amoxicillin 500mg,Antibiotic,40,9
2024-09-17,2024,9,1,17,38,Wet,Amoxicillin 500mg,Antibiotic,50,9
2024-09-26,2024,9,3,26,39,Wet,Amoxicillin 500mg,Antibiotic,50,9
2024-10-07,2024,10,0,7,41,Wet,Amoxicillin 500mg,Antibiotic,55,9
2024-10-14,2024,10,0,14,42,Wet,Amoxicillin 500mg,Antibiotic,61,9
2024-10-23,2024,10,2,23,43,Wet,Amoxicillin 500mg,Antibiotic,43,9
2024-10-31,2024,10,3,31,44,Wet,Amoxicillin 500mg,Antibiotic,64,9
2024-11-06,2024,11,2,6,45,Wet,Amoxicillin 500mg,Antibiotic,37,9
2024-11-13,2024,11,2,13,46,Wet,Amoxicillin 500mg,Antibiotic,56,9
2024-11-25,2024,11,0,25,48,Wet,Amoxicillin 500mg,Antibiotic,61,9
2024-12-04,2024,12,2,4,49,Dry,Amoxicillin 500mg,Antibiotic,55,9
2024-12-15,2024,12,6,15,50,Dry,Amoxicillin 500mg,Antibiotic,52,9
2024-12-21,2024,12,5,21,51,Dry,Amoxicillin 500mg,Antibiotic,45,9
2024-12-28,2024,12,5,28,52,Dry,Amoxicillin 500mg,Antibiotic,39,9
2025-01-07,2025,1,1,7,2,Dry,Amoxicillin 500mg,Antibiotic,53,9
2025-01-15,2025,1,2,15,3,Dry,Amoxicillin 500mg,Antibiotic,46,9
2025-01-27,2025,1,0,27,5,Dry,Amoxicillin 500mg,Antibiotic,36,9
2025-02-07,2025,2,4,7,6,Dry,Amoxicillin 500mg,Antibiotic,58,9
2025-02-13,2025,2,3,13,7,Dry,Amoxicillin 500mg,Antibiotic,53,9
2025-02-21,2025,2,4,21,8,Dry,Amoxicillin 500mg,Antibiotic,57,9
2025-03-05,2025,3,2,5,10,Dry,Amoxicillin 500mg,Antibiotic,52,9
2025-03-15,2025,3,5,15,11,Dry,Amoxicillin 500mg,Antibiotic,50,9
2025-03-24,2025,3,0,24,13,Dry,Amoxicillin 500mg,Antibiotic,54,9
2025-04-01,2025,4,1,1,14,Dry,Amoxicillin 500mg,Antibiotic,55,9
2025-04-11,2025,4,4,11,15,Dry,Amoxicillin 500mg,Antibiotic,51,9
2025-04-23,2025,4,2,23,17,Dry,Amoxicillin 500mg,Antibiotic,65,9
2025-04-30,2025,4,2,30,18,Dry,Amoxicillin 500mg,Antibiotic,50,9
2025-05-07,2025,5,2,7,19,Dry,Amoxicillin 500mg,Antibiotic,56,9
2025-05-15,2025,5,3,15,20,Dry,Amoxicillin 500mg,Antibiotic,60,9
2025-05-26,2025,5,0,26,22,Dry,Amoxicillin 500mg,Antibiotic,46,9
2025-06-06,2025,6,4,6,23,Wet,Amoxicillin 500mg,Antibiotic,54,9
2025-06-17,2025,6,1,17,25,Wet,Amoxicillin 500mg,Antibiotic,53,9
2025-06-26,2025,6,3,26,26,Wet,Amoxicillin 500mg,Antibiotic,51,9
2025-07-08,2025,7,1,8,28,Wet,Amoxicillin 500mg,Antibiotic,50,9
2025-07-19,2025,7,5,19,29,Wet,Amoxicillin 500mg,Antibiotic,57,9
2025-07-28,2025,7,0,28,31,Wet,Amoxicillin 500mg,Antibiotic,48,9
2025-08-09,2025,8,5,9,32,Wet,Amoxicillin 500mg,Antibiotic,55,9
2025-08-18,2025,8,0,18,34,Wet,Amoxicillin 500mg,Antibiotic,47,9
2025-08-29,2025,8,4,29,35,Wet,Amoxicillin 500mg,Antibiotic,50,9
2025-09-07,2025,9,6,7,36,Wet,Amoxicillin 500mg,Antibiotic,61,9
2025-09-16,2025,9,1,16,38,Wet,Amoxicillin 500mg,Antibiotic,55,9
2025-09-22,2025,9,0,22,39,Wet,Amoxicillin 500mg,Antibiotic,45,9
2025-09-28,2025,9,6,28,39,Wet,Amoxicillin 500mg,Antibiotic,56,9
2025-10-07,2025,10,1,7,41,Wet,Amoxicillin 500mg,Antibiotic,53,9
2025-10-16,2025,10,3,16,42,Wet,Amoxicillin 500mg,Antibiotic,52,9
2025-10-27,2025,10,0,27,44,Wet,Amoxicillin 500mg,Antibiotic,47,9
2025-11-03,2025,11,0,3,45,Wet,Amoxicillin 500mg,Antibiotic,47,9
2025-11-09,2025,11,6,9,45,Wet,Amoxicillin 500mg,Antibiotic,43,9
2025-11-19,2025,11,2,19,47,Wet,Amoxicillin 500mg,Antibiotic,42,9
2025-11-27,2025,11,3,27,48,Wet,Amoxicillin 500mg,Antibiotic,35,9
2025-12-07,2025,12,6,7,49,Dry,Amoxicillin 500mg,Antibiotic,53,9
2025-12-18,2025,12,3,18,51,Dry,Amoxicillin 500mg,Antibiotic,70,9
2025-12-24,2025,12,2,24,52,Dry,Amoxicillin 500mg,Antibiotic,55,9
2026-01-01,2026,1,3,1,1,Dry,Amoxicillin 500mg,Antibiotic,53,9
2026-01-10,2026,1,5,10,2,Dry,Amoxicillin 500mg,Antibiotic,44,9
2026-01-19,2026,1,0,19,4,Dry,Amoxicillin 500mg,Antibiotic,58,9
2026-01-31,2026,1,5,31,5,Dry,Amoxicillin 500mg,Antibiotic,45,9
2026-02-12,2026,2,3,12,7,Dry,Amoxicillin 500mg,Antibiotic,57,9
2026-02-22,2026,2,6,22,8,Dry,Amoxicillin 500mg,Antibiotic,73,9
2026-02-28,2026,2,5,28,9,Dry,Amoxicillin 500mg,Antibiotic,57,9
2026-03-06,2026,3,4,6,10,Dry,Amoxicillin 500mg,Antibiotic,60,9
2026-03-12,2026,3,3,12,11,Dry,Amoxicillin 500mg,Antibiotic,58,9
2026-03-20,2026,3,4,20,12,Dry,Amoxicillin 500mg,Antibiotic,68,9
2026-03-30,2026,3,0,30,14,Dry,Amoxicillin 500mg,Antibiotic,55,9
2026-04-06,2026,4,0,6,15,Dry,Amoxicillin 500mg,Antibiotic,63,9
2026-04-16,2026,4,3,16,16,Dry,Amoxicillin 500mg,Antibiotic,49,9
2026-04-23,2026,4,3,23,17,Dry,Amoxicillin 500mg,Antibiotic,51,9
2026-05-04,2026,5,0,4,19,Dry,Amoxicillin 500mg,Antibiotic,52,9
2026-05-14,2026,5,3,14,20,Dry,Amoxicillin 500mg,Antibiotic,60,9
2026-05-22,2026,5,4,22,21,Dry,Amoxicillin 500mg,Antibiotic,51,9
2026-06-03,2026,6,2,3,23,Wet,Amoxicillin 500mg,Antibiotic,51,9
2026-06-13,2026,6,5,13,24,Wet,Amoxicillin 500mg,Antibiotic,51,9
2026-06-19,2026,6,4,19,25,Wet,Amoxicillin 500mg,Antibiotic,47,9
2026-06-28,2026,6,6,28,26,Wet,Amoxicillin 500mg,Antibiotic,45,9
2026-07-05,2026,7,6,5,27,Wet,Amoxicillin 500mg,Antibiotic,53,9
2026-07-12,2026,7,6,12,28,Wet,Amoxicillin 500mg,Antibiotic,66,9
2026-07-18,2026,7,5,18,29,Wet,Amoxicillin 500mg,Antibiotic,51,9
2026-07-28,2026,7,1,28,31,Wet,Amoxicillin 500mg,Antibiotic,48,9
2026-08-05,2026,8,2,5,32,Wet,Amoxicillin 500mg,Antibiotic,64,9
2026-08-13,2026,8,3,13,33,Wet,Amoxicillin 500mg,Antibiotic,51,9
2021-08-18,2021,8,2,18,33,Wet,Cefalexin,Antibiotic,55,12
2021-08-29,2021,8,6,29,34,Wet,Cefalexin,Antibiotic,76,12
2021-09-08,2021,9,2,8,36,Wet,Cefalexin,Antibiotic,64,12
2021-09-17,2021,9,4,17,37,Wet,Cefalexin,Antibiotic,62,12
2021-09-29,2021,9,2,29,39,Wet,Cefalexin,Antibiotic,53,12
2021-10-14,2021,10,3,14,41,Wet,Cefalexin,Antibiotic,56,12
2021-10-27,2021,10,2,27,43,Wet,Cefalexin,Antibiotic,61,12
2021-11-05,2021,11,4,5,44,Wet,Cefalexin,Antibiotic,58,12
2021-11-20,2021,11,5,20,46,Wet,Cefalexin,Antibiotic,79,12
2021-12-04,2021,12,5,4,48,Dry,Cefalexin,Antibiotic,62,12
2021-12-14,2021,12,1,14,50,Dry,Cefalexin,Antibiotic,54,12
2021-12-24,2021,12,4,24,51,Dry,Cefalexin,Antibiotic,58,12
2022-01-02,2022,1,6,2,52,Dry,Cefalexin,Antibiotic,55,12
2022-01-12,2022,1,2,12,2,Dry,Cefalexin,Antibiotic,67,12
2022-01-27,2022,1,3,27,4,Dry,Cefalexin,Antibiotic,65,12
2022-02-08,2022,2,1,8,6,Dry,Cefalexin,Antibiotic,52,12
2022-02-21,2022,2,0,21,8,Dry,Cefalexin,Antibiotic,53,12
2022-03-03,2022,3,3,3,9,Dry,Cefalexin,Antibiotic,61,12
2022-03-17,2022,3,3,17,11,Dry,Cefalexin,Antibiotic,64,12
2022-03-27,2022,3,6,27,12,Dry,Cefalexin,Antibiotic,55,12
2022-04-05,2022,4,1,5,14,Dry,Cefalexin,Antibiotic,51,12
2022-04-16,2022,4,5,16,15,Dry,Cefalexin,Antibiotic,60,12
2022-04-25,2022,4,0,25,17,Dry,Cefalexin,Antibiotic,51,12
2022-05-05,2022,5,3,5,18,Dry,Cefalexin,Antibiotic,58,12
2022-05-18,2022,5,2,18,20,Dry,Cefalexin,Antibiotic,48,12
2022-05-27,2022,5,4,27,21,Dry,Cefalexin,Antibiotic,64,12
2022-06-05,2022,6,6,5,22,Wet,Cefalexin,Antibiotic,55,12
2022-06-17,2022,6,4,17,24,Wet,Cefalexin,Antibiotic,60,12
2022-06-29,2022,6,2,29,26,Wet,Cefalexin,Antibiotic,69,12
2022-07-12,2022,7,1,12,28,Wet,Cefalexin,Antibiotic,56,12
2022-07-23,2022,7,5,23,29,Wet,Cefalexin,Antibiotic,62,12
2022-08-03,2022,8,2,3,31,Wet,Cefalexin,Antibiotic,53,12
2022-08-15,2022,8,0,15,33,Wet,Cefalexin,Antibiotic,65,12
2022-08-25,2022,8,3,25,34,Wet,Cefalexin,Antibiotic,60,12
2022-09-08,2022,9,3,8,36,Wet,Cefalexin,Antibiotic,53,12
2022-09-17,2022,9,5,17,37,Wet,Cefalexin,Antibiotic,53,12
2022-10-01,2022,10,5,1,39,Wet,Cefalexin,Antibiotic,60,12
2022-10-10,2022,10,0,10,41,Wet,Cefalexin,Antibiotic,61,12
2022-10-25,2022,10,1,25,43,Wet,Cefalexin,Antibiotic,59,12
2022-11-07,2022,11,0,7,45,Wet,Cefalexin,Antibiotic,67,12
2022-11-16,2022,11,2,16,46,Wet,Cefalexin,Antibiotic,70,12
2022-11-30,2022,11,2,30,48,Wet,Cefalexin,Antibiotic,55,12
2022-12-09,2022,12,4,9,49,Dry,Cefalexin,Antibiotic,64,12
2022-12-21,2022,12,2,21,51,Dry,Cefalexin,Antibiotic,66,12
2022-12-30,2022,12,4,30,52,Dry,Cefalexin,Antibiotic,55,12
2023-01-08,2023,1,6,8,1,Dry,Cefalexin,Antibiotic,63,12
2023-01-20,2023,1,4,20,3,Dry,Cefalexin,Antibiotic,72,12
2023-02-03,2023,2,4,3,5,Dry,Cefalexin,Antibiotic,71,12
2023-02-18,2023,2,5,18,7,Dry,Cefalexin,Antibiotic,59,12
2023-03-03,2023,3,4,3,9,Dry,Cefalexin,Antibiotic,59,12
2023-03-17,2023,3,4,17,11,Dry,Cefalexin,Antibiotic,67,12
2023-04-01,2023,4,5,1,13,Dry,Cefalexin,Antibiotic,57,12
2023-04-14,2023,4,4,14,15,Dry,Cefalexin,Antibiotic,63,12
2023-04-24,2023,4,0,24,17,Dry,Cefalexin,Antibiotic,75,12
2023-05-08,2023,5,0,8,19,Dry,Cefalexin,Antibiotic,73,12
2023-05-20,2023,5,5,20,20,Dry,Cefalexin,Antibiotic,61,12
2023-05-29,2023,5,0,29,22,Dry,Cefalexin,Antibiotic,65,12
2023-06-11,2023,6,6,11,23,Wet,Cefalexin,Antibiotic,82,12
2023-06-23,2023,6,4,23,25,Wet,Cefalexin,Antibiotic,57,12
2023-07-03,2023,7,0,3,27,Wet,Cefalexin,Antibiotic,56,12
2023-07-16,2023,7,6,16,28,Wet,Cefalexin,Antibiotic,58,12
2023-07-29,2023,7,5,29,30,Wet,Cefalexin,Antibiotic,68,12
2023-08-08,2023,8,1,8,32,Wet,Cefalexin,Antibiotic,61,12
2023-08-23,2023,8,2,23,34,Wet,Cefalexin,Antibiotic,55,12
2023-09-01,2023,9,4,1,35,Wet,Cefalexin,Antibiotic,68,12
2023-09-16,2023,9,5,16,37,Wet,Cefalexin,Antibiotic,66,12
2023-09-28,2023,9,3,28,39,Wet,Cefalexin,Antibiotic,64,12
2023-10-11,2023,10,2,11,41,Wet,Cefalexin,Antibiotic,64,12
2023-10-23,2023,10,0,23,43,Wet,Cefalexin,Antibiotic,65,12
2023-11-02,2023,11,3,2,44,Wet,Cefalexin,Antibiotic,60,12
2023-11-17,2023,11,4,17,46,Wet,Cefalexin,Antibiotic,62,12
2023-12-02,2023,12,5,2,48,Dry,Cefalexin,Antibiotic,67,12
2023-12-16,2023,12,5,16,50,Dry,Cefalexin,Antibiotic,55,12
2023-12-29,2023,12,4,29,52,Dry,Cefalexin,Antibiotic,68,12
2024-01-13,2024,1,5,13,2,Dry,Cefalexin,Antibiotic,64,12
2024-01-23,2024,1,1,23,4,Dry,Cefalexin,Antibiotic,61,12
2024-02-04,2024,2,6,4,5,Dry,Cefalexin,Antibiotic,65,12
2024-02-19,2024,2,0,19,8,Dry,Cefalexin,Antibiotic,52,12
2024-02-29,2024,2,3,29,9,Dry,Cefalexin,Antibiotic,57,12
2024-03-11,2024,3,0,11,11,Dry,Cefalexin,Antibiotic,58,12
2024-03-25,2024,3,0,25,13,Dry,Cefalexin,Antibiotic,59,12
2024-04-03,2024,4,2,3,14,Dry,Cefalexin,Antibiotic,57,12
2024-04-15,2024,4,0,15,16,Dry,Cefalexin,Antibiotic,47,12
2024-04-25,2024,4,3,25,17,Dry,Cefalexin,Antibiotic,60,12
2024-05-05,2024,5,6,5,18,Dry,Cefalexin,Antibiotic,59,12
2024-05-14,2024,5,1,14,20,Dry,Cefalexin,Antibiotic,64,12
2024-05-27,2024,5,0,27,22,Dry,Cefalexin,Antibiotic,52,12
2024-06-05,2024,6,2,5,23,Wet,Cefalexin,Antibiotic,60,12
2024-06-14,2024,6,4,14,24,Wet,Cefalexin,Antibiotic,67,12
2024-06-25,2024,6,1,25,26,Wet,Cefalexin,Antibiotic,47,12
2024-07-08,2024,7,0,8,28,Wet,Cefalexin,Antibiotic,62,12
2024-07-23,2024,7,1,23,30,Wet,Cefalexin,Antibiotic,56,12
2024-08-07,2024,8,2,7,32,Wet,Cefalexin,Antibiotic,58,12
2024-08-20,2024,8,1,20,34,Wet,Cefalexin,Antibiotic,65,12
2024-08-30,2024,8,4,30,35,Wet,Cefalexin,Antibiotic,84,12
2024-09-08,2024,9,6,8,36,Wet,Cefalexin,Antibiotic,56,12
2024-09-17,2024,9,1,17,38,Wet,Cefalexin,Antibiotic,62,12
2024-09-27,2024,9,4,27,39,Wet,Cefalexin,Antibiotic,57,12
2024-10-08,2024,10,1,8,41,Wet,Cefalexin,Antibiotic,63,12
2024-10-20,2024,10,6,20,42,Wet,Cefalexin,Antibiotic,52,12
2024-10-29,2024,10,1,29,44,Wet,Cefalexin,Antibiotic,76,12
2024-11-07,2024,11,3,7,45,Wet,Cefalexin,Antibiotic,58,12
2024-11-17,2024,11,6,17,46,Wet,Cefalexin,Antibiotic,64,12
2024-12-01,2024,12,6,1,48,Dry,Cefalexin,Antibiotic,76,12
2024-12-12,2024,12,3,12,50,Dry,Cefalexin,Antibiotic,72,12
2024-12-23,2024,12,0,23,52,Dry,Cefalexin,Antibiotic,65,12
2025-01-07,2025,1,1,7,2,Dry,Cefalexin,Antibiotic,55,12
2025-01-20,2025,1,0,20,4,Dry,Cefalexin,Antibiotic,63,12
2025-01-31,2025,1,4,31,5,Dry,Cefalexin,Antibiotic,57,12
2025-02-09,2025,2,6,9,6,Dry,Cefalexin,Antibiotic,77,12
2025-02-19,2025,2,2,19,8,Dry,Cefalexin,Antibiotic,50,12
2025-03-03,2025,3,0,3,10,Dry,Cefalexin,Antibiotic,70,12
2025-03-14,2025,3,4,14,11,Dry,Cefalexin,Antibiotic,52,12
2025-03-28,2025,3,4,28,13,Dry,Cefalexin,Antibiotic,62,12
2025-04-08,2025,4,1,8,15,Dry,Cefalexin,Antibiotic,57,12
2025-04-21,2025,4,0,21,17,Dry,Cefalexin,Antibiotic,49,12
2025-04-30,2025,4,2,30,18,Dry,Cefalexin,Antibiotic,68,12
2025-05-10,2025,5,5,10,19,Dry,Cefalexin,Antibiotic,63,12
2025-05-22,2025,5,3,22,21,Dry,Cefalexin,Antibiotic,49,12
2025-06-01,2025,6,6,1,22,Wet,Cefalexin,Antibiotic,65,12
2025-06-14,2025,6,5,14,24,Wet,Cefalexin,Antibiotic,67,12
2025-06-25,2025,6,2,25,26,Wet,Cefalexin,Antibiotic,66,12
2025-07-04,2025,7,4,4,27,Wet,Cefalexin,Antibiotic,63,12
2025-07-14,2025,7,0,14,29,Wet,Cefalexin,Antibiotic,70,12
2025-07-28,2025,7,0,28,31,Wet,Cefalexin,Antibiotic,58,12
2025-08-08,2025,8,4,8,32,Wet,Cefalexin,Antibiotic,70,12
2025-08-19,2025,8,1,19,34,Wet,Cefalexin,Antibiotic,60,12
2025-09-02,2025,9,1,2,36,Wet,Cefalexin,Antibiotic,63,12
2025-09-15,2025,9,0,15,38,Wet,Cefalexin,Antibiotic,53,12
2025-09-24,2025,9,2,24,39,Wet,Cefalexin,Antibiotic,63,12
2025-10-08,2025,10,2,8,41,Wet,Cefalexin,Antibiotic,67,12
2025-10-18,2025,10,5,18,42,Wet,Cefalexin,Antibiotic,63,12
2025-11-01,2025,11,5,1,44,Wet,Cefalexin,Antibiotic,61,12
2025-11-12,2025,11,2,12,46,Wet,Cefalexin,Antibiotic,56,12
2025-11-21,2025,11,4,21,47,Wet,Cefalexin,Antibiotic,65,12
2025-12-04,2025,12,3,4,49,Dry,Cefalexin,Antibiotic,54,12
2025-12-15,2025,12,0,15,51,Dry,Cefalexin,Antibiotic,60,12
2025-12-30,2025,12,1,30,1,Dry,Cefalexin,Antibiotic,67,12
2026-01-14,2026,1,2,14,3,Dry,Cefalexin,Antibiotic,54,12
2026-01-25,2026,1,6,25,4,Dry,Cefalexin,Antibiotic,68,12
2026-02-08,2026,2,6,8,6,Dry,Cefalexin,Antibiotic,65,12
2026-02-20,2026,2,4,20,8,Dry,Cefalexin,Antibiotic,61,12
2026-03-07,2026,3,5,7,10,Dry,Cefalexin,Antibiotic,59,12
2026-03-18,2026,3,2,18,12,Dry,Cefalexin,Antibiotic,54,12
2026-03-28,2026,3,5,28,13,Dry,Cefalexin,Antibiotic,57,12
2026-04-06,2026,4,0,6,15,Dry,Cefalexin,Antibiotic,63,12
2026-04-20,2026,4,0,20,17,Dry,Cefalexin,Antibiotic,62,12
2026-05-03,2026,5,6,3,18,Dry,Cefalexin,Antibiotic,55,12
2026-05-16,2026,5,5,16,20,Dry,Cefalexin,Antibiotic,61,12
2026-05-29,2026,5,4,29,22,Dry,Cefalexin,Antibiotic,66,12
2026-06-12,2026,6,4,12,24,Wet,Cefalexin,Antibiotic,67,12
2026-06-21,2026,6,6,21,25,Wet,Cefalexin,Antibiotic,68,12
2026-06-30,2026,6,1,30,27,Wet,Cefalexin,Antibiotic,52,12
2026-07-12,2026,7,6,12,28,Wet,Cefalexin,Antibiotic,59,12
2026-07-21,2026,7,1,21,30,Wet,Cefalexin,Antibiotic,80,12
2026-08-02,2026,8,6,2,31,Wet,Cefalexin,Antibiotic,43,12
2021-08-22,2021,8,6,22,33,Wet,Cetirizine,Antihistamine,90,9
2021-08-31,2021,8,1,31,35,Wet,Cetirizine,Antihistamine,79,9
2021-09-09,2021,9,3,9,36,Wet,Cetirizine,Antihistamine,83,9
2021-09-17,2021,9,4,17,37,Wet,Cetirizine,Antihistamine,111,9
2021-09-23,2021,9,3,23,38,Wet,Cetirizine,Antihistamine,80,9
2021-10-01,2021,10,4,1,39,Wet,Cetirizine,Antihistamine,85,9
2021-10-08,2021,10,4,8,40,Wet,Cetirizine,Antihistamine,78,9
2021-10-16,2021,10,5,16,41,Wet,Cetirizine,Antihistamine,80,9
2021-10-27,2021,10,2,27,43,Wet,Cetirizine,Antihistamine,99,9
2021-11-02,2021,11,1,2,44,Wet,Cetirizine,Antihistamine,98,9
2021-11-13,2021,11,5,13,45,Wet,Cetirizine,Antihistamine,83,9
2021-11-21,2021,11,6,21,46,Wet,Cetirizine,Antihistamine,81,9
2021-12-02,2021,12,3,2,48,Dry,Cetirizine,Antihistamine,77,9
2021-12-12,2021,12,6,12,49,Dry,Cetirizine,Antihistamine,74,9
2021-12-23,2021,12,3,23,51,Dry,Cetirizine,Antihistamine,63,9
2021-12-30,2021,12,3,30,52,Dry,Cetirizine,Antihistamine,77,9
2022-01-06,2022,1,3,6,1,Dry,Cetirizine,Antihistamine,54,9
2022-01-15,2022,1,5,15,2,Dry,Cetirizine,Antihistamine,71,9
2022-01-26,2022,1,2,26,4,Dry,Cetirizine,Antihistamine,67,9
2022-02-03,2022,2,3,3,5,Dry,Cetirizine,Antihistamine,67,9
2022-02-11,2022,2,4,11,6,Dry,Cetirizine,Antihistamine,62,9
2022-02-20,2022,2,6,20,7,Dry,Cetirizine,Antihistamine,78,9
2022-03-02,2022,3,2,2,9,Dry,Cetirizine,Antihistamine,66,9
2022-03-14,2022,3,0,14,11,Dry,Cetirizine,Antihistamine,84,9
2022-03-21,2022,3,0,21,12,Dry,Cetirizine,Antihistamine,69,9
2022-03-28,2022,3,0,28,13,Dry,Cetirizine,Antihistamine,66,9
2022-04-05,2022,4,1,5,14,Dry,Cetirizine,Antihistamine,83,9
2022-04-16,2022,4,5,16,15,Dry,Cetirizine,Antihistamine,60,9
2022-04-26,2022,4,1,26,17,Dry,Cetirizine,Antihistamine,76,9
2022-05-06,2022,5,4,6,18,Dry,Cetirizine,Antihistamine,69,9
2022-05-17,2022,5,1,17,20,Dry,Cetirizine,Antihistamine,81,9
2022-05-25,2022,5,2,25,21,Dry,Cetirizine,Antihistamine,70,9
2022-06-06,2022,6,0,6,23,Wet,Cetirizine,Antihistamine,98,9
2022-06-15,2022,6,2,15,24,Wet,Cetirizine,Antihistamine,101,9
2022-06-21,2022,6,1,21,25,Wet,Cetirizine,Antihistamine,87,9
2022-07-02,2022,7,5,2,26,Wet,Cetirizine,Antihistamine,102,9
2022-07-11,2022,7,0,11,28,Wet,Cetirizine,Antihistamine,95,9
2022-07-20,2022,7,2,20,29,Wet,Cetirizine,Antihistamine,94,9
2022-07-31,2022,7,6,31,30,Wet,Cetirizine,Antihistamine,109,9
2022-08-07,2022,8,6,7,31,Wet,Cetirizine,Antihistamine,104,9
2022-08-17,2022,8,2,17,33,Wet,Cetirizine,Antihistamine,93,9
2022-08-25,2022,8,3,25,34,Wet,Cetirizine,Antihistamine,96,9
2022-09-06,2022,9,1,6,36,Wet,Cetirizine,Antihistamine,86,9
2022-09-18,2022,9,6,18,37,Wet,Cetirizine,Antihistamine,85,9
2022-09-29,2022,9,3,29,39,Wet,Cetirizine,Antihistamine,113,9
2022-10-11,2022,10,1,11,41,Wet,Cetirizine,Antihistamine,92,9
2022-10-19,2022,10,2,19,42,Wet,Cetirizine,Antihistamine,89,9
2022-10-30,2022,10,6,30,43,Wet,Cetirizine,Antihistamine,91,9
2022-11-05,2022,11,5,5,44,Wet,Cetirizine,Antihistamine,93,9
2022-11-17,2022,11,3,17,46,Wet,Cetirizine,Antihistamine,95,9
2022-11-27,2022,11,6,27,47,Wet,Cetirizine,Antihistamine,92,9
2022-12-06,2022,12,1,6,49,Dry,Cetirizine,Antihistamine,65,9
2022-12-14,2022,12,2,14,50,Dry,Cetirizine,Antihistamine,63,9
2022-12-20,2022,12,1,20,51,Dry,Cetirizine,Antihistamine,80,9
2022-12-31,2022,12,5,31,52,Dry,Cetirizine,Antihistamine,73,9
2023-01-11,2023,1,2,11,2,Dry,Cetirizine,Antihistamine,78,9
2023-01-19,2023,1,3,19,3,Dry,Cetirizine,Antihistamine,64,9
2023-01-29,2023,1,6,29,4,Dry,Cetirizine,Antihistamine,71,9
2023-02-07,2023,2,1,7,6,Dry,Cetirizine,Antihistamine,63,9
2023-02-17,2023,2,4,17,7,Dry,Cetirizine,Antihistamine,74,9
2023-02-23,2023,2,3,23,8,Dry,Cetirizine,Antihistamine,69,9
2023-03-03,2023,3,4,3,9,Dry,Cetirizine,Antihistamine,83,9
2023-03-13,2023,3,0,13,11,Dry,Cetirizine,Antihistamine,74,9
2023-03-23,2023,3,3,23,12,Dry,Cetirizine,Antihistamine,74,9
2023-04-01,2023,4,5,1,13,Dry,Cetirizine,Antihistamine,58,9
2023-04-11,2023,4,1,11,15,Dry,Cetirizine,Antihistamine,96,9
2023-04-18,2023,4,1,18,16,Dry,Cetirizine,Antihistamine,64,9
2023-04-29,2023,4,5,29,17,Dry,Cetirizine,Antihistamine,64,9
2023-05-08,2023,5,0,8,19,Dry,Cetirizine,Antihistamine,73,9
2023-05-16,2023,5,1,16,20,Dry,Cetirizine,Antihistamine,66,9
2023-05-27,2023,5,5,27,21,Dry,Cetirizine,Antihistamine,73,9
2023-06-02,2023,6,4,2,22,Wet,Cetirizine,Antihistamine,83,9
2023-06-09,2023,6,4,9,23,Wet,Cetirizine,Antihistamine,89,9
2023-06-20,2023,6,1,20,25,Wet,Cetirizine,Antihistamine,103,9
2023-06-30,2023,6,4,30,26,Wet,Cetirizine,Antihistamine,98,9
2023-07-08,2023,7,5,8,27,Wet,Cetirizine,Antihistamine,84,9
2023-07-17,2023,7,0,17,29,Wet,Cetirizine,Antihistamine,104,9
2023-07-27,2023,7,3,27,30,Wet,Cetirizine,Antihistamine,79,9
2023-08-08,2023,8,1,8,32,Wet,Cetirizine,Antihistamine,94,9
2023-08-18,2023,8,4,18,33,Wet,Cetirizine,Antihistamine,88,9
2023-08-25,2023,8,4,25,34,Wet,Cetirizine,Antihistamine,90,9
2023-09-01,2023,9,4,1,35,Wet,Cetirizine,Antihistamine,100,9
2023-09-10,2023,9,6,10,36,Wet,Cetirizine,Antihistamine,90,9
2023-09-18,2023,9,0,18,38,Wet,Cetirizine,Antihistamine,93,9
2023-09-28,2023,9,3,28,39,Wet,Cetirizine,Antihistamine,98,9
2023-10-04,2023,10,2,4,40,Wet,Cetirizine,Antihistamine,107,9
2023-10-11,2023,10,2,11,41,Wet,Cetirizine,Antihistamine,94,9
2023-10-22,2023,10,6,22,42,Wet,Cetirizine,Antihistamine,102,9
2023-10-30,2023,10,0,30,44,Wet,Cetirizine,Antihistamine,98,9
2023-11-05,2023,11,6,5,44,Wet,Cetirizine,Antihistamine,90,9
2023-11-15,2023,11,2,15,46,Wet,Cetirizine,Antihistamine,101,9
2023-11-24,2023,11,4,24,47,Wet,Cetirizine,Antihistamine,90,9
2023-12-02,2023,12,5,2,48,Dry,Cetirizine,Antihistamine,65,9
2023-12-12,2023,12,1,12,50,Dry,Cetirizine,Antihistamine,71,9
2023-12-21,2023,12,3,21,51,Dry,Cetirizine,Antihistamine,72,9
2023-12-27,2023,12,2,27,52,Dry,Cetirizine,Antihistamine,60,9
2024-01-04,2024,1,3,4,1,Dry,Cetirizine,Antihistamine,71,9
2024-01-11,2024,1,3,11,2,Dry,Cetirizine,Antihistamine,48,9
2024-01-19,2024,1,4,19,3,Dry,Cetirizine,Antihistamine,61,9
2024-01-27,2024,1,5,27,4,Dry,Cetirizine,Antihistamine,60,9
2024-02-03,2024,2,5,3,5,Dry,Cetirizine,Antihistamine,83,9
2024-02-10,2024,2,5,10,6,Dry,Cetirizine,Antihistamine,67,9
2024-02-21,2024,2,2,21,8,Dry,Cetirizine,Antihistamine,73,9
2024-02-27,2024,2,1,27,9,Dry,Cetirizine,Antihistamine,57,9
2024-03-09,2024,3,5,9,10,Dry,Cetirizine,Antihistamine,68,9
2024-03-20,2024,3,2,20,12,Dry,Cetirizine,Antihistamine,71,9
2024-03-26,2024,3,1,26,13,Dry,Cetirizine,Antihistamine,71,9
2024-04-05,2024,4,4,5,14,Dry,Cetirizine,Antihistamine,80,9
2024-04-12,2024,4,4,12,15,Dry,Cetirizine,Antihistamine,79,9
2024-04-19,2024,4,4,19,16,Dry,Cetirizine,Antihistamine,53,9
2024-04-28,2024,4,6,28,17,Dry,Cetirizine,Antihistamine,63,9
2024-05-07,2024,5,1,7,19,Dry,Cetirizine,Antihistamine,66,9
2024-05-17,2024,5,4,17,20,Dry,Cetirizine,Antihistamine,69,9
2024-05-25,2024,5,5,25,21,Dry,Cetirizine,Antihistamine,62,9
2024-06-02,2024,6,6,2,22,Wet,Cetirizine,Antihistamine,108,9
2024-06-12,2024,6,2,12,24,Wet,Cetirizine,Antihistamine,107,9
2024-06-23,2024,6,6,23,25,Wet,Cetirizine,Antihistamine,109,9
2024-07-03,2024,7,2,3,27,Wet,Cetirizine,Antihistamine,92,9
2024-07-09,2024,7,1,9,28,Wet,Cetirizine,Antihistamine,91,9
2024-07-16,2024,7,1,16,29,Wet,Cetirizine,Antihistamine,96,9
2024-07-24,2024,7,2,24,30,Wet,Cetirizine,Antihistamine,97,9
2024-08-04,2024,8,6,4,31,Wet,Cetirizine,Antihistamine,95,9
2024-08-16,2024,8,4,16,33,Wet,Cetirizine,Antihistamine,109,9
2024-08-22,2024,8,3,22,34,Wet,Cetirizine,Antihistamine,95,9
2024-08-30,2024,8,4,30,35,Wet,Cetirizine,Antihistamine,97,9
2024-09-10,2024,9,1,10,37,Wet,Cetirizine,Antihistamine,98,9
2024-09-16,2024,9,0,16,38,Wet,Cetirizine,Antihistamine,102,9
2024-09-24,2024,9,1,24,39,Wet,Cetirizine,Antihistamine,70,9
2024-10-04,2024,10,4,4,40,Wet,Cetirizine,Antihistamine,105,9
2024-10-10,2024,10,3,10,41,Wet,Cetirizine,Antihistamine,104,9
2024-10-16,2024,10,2,16,42,Wet,Cetirizine,Antihistamine,104,9
2024-10-24,2024,10,3,24,43,Wet,Cetirizine,Antihistamine,91,9
2024-10-30,2024,10,2,30,44,Wet,Cetirizine,Antihistamine,98,9
2024-11-06,2024,11,2,6,45,Wet,Cetirizine,Antihistamine,99,9
2024-11-17,2024,11,6,17,46,Wet,Cetirizine,Antihistamine,90,9
2024-11-23,2024,11,5,23,47,Wet,Cetirizine,Antihistamine,100,9
2024-11-29,2024,11,4,29,48,Wet,Cetirizine,Antihistamine,100,9
2024-12-10,2024,12,1,10,50,Dry,Cetirizine,Antihistamine,55,9
2024-12-21,2024,12,5,21,51,Dry,Cetirizine,Antihistamine,69,9
2024-12-31,2024,12,1,31,1,Dry,Cetirizine,Antihistamine,79,9
2025-01-12,2025,1,6,12,2,Dry,Cetirizine,Antihistamine,59,9
2025-01-19,2025,1,6,19,3,Dry,Cetirizine,Antihistamine,68,9
2025-01-26,2025,1,6,26,4,Dry,Cetirizine,Antihistamine,59,9
2025-02-03,2025,2,0,3,6,Dry,Cetirizine,Antihistamine,64,9
2025-02-09,2025,2,6,9,6,Dry,Cetirizine,Antihistamine,51,9
2025-02-20,2025,2,3,20,8,Dry,Cetirizine,Antihistamine,83,9
2025-02-26,2025,2,2,26,9,Dry,Cetirizine,Antihistamine,66,9
2025-03-08,2025,3,5,8,10,Dry,Cetirizine,Antihistamine,86,9
2025-03-16,2025,3,6,16,11,Dry,Cetirizine,Antihistamine,64,9
2025-03-25,2025,3,1,25,13,Dry,Cetirizine,Antihistamine,72,9
2025-04-02,2025,4,2,2,14,Dry,Cetirizine,Antihistamine,69,9
2025-04-11,2025,4,4,11,15,Dry,Cetirizine,Antihistamine,75,9
2025-04-23,2025,4,2,23,17,Dry,Cetirizine,Antihistamine,70,9
2025-05-01,2025,5,3,1,18,Dry,Cetirizine,Antihistamine,80,9
2025-05-13,2025,5,1,13,20,Dry,Cetirizine,Antihistamine,61,9
2025-05-23,2025,5,4,23,21,Dry,Cetirizine,Antihistamine,62,9
2025-05-31,2025,5,5,31,22,Dry,Cetirizine,Antihistamine,89,9
2025-06-11,2025,6,2,11,24,Wet,Cetirizine,Antihistamine,81,9
2025-06-23,2025,6,0,23,26,Wet,Cetirizine,Antihistamine,94,9
2025-07-04,2025,7,4,4,27,Wet,Cetirizine,Antihistamine,108,9
2025-07-14,2025,7,0,14,29,Wet,Cetirizine,Antihistamine,99,9
2025-07-22,2025,7,1,22,30,Wet,Cetirizine,Antihistamine,110,9
2025-07-30,2025,7,2,30,31,Wet,Cetirizine,Antihistamine,89,9
2025-08-10,2025,8,6,10,32,Wet,Cetirizine,Antihistamine,102,9
2025-08-20,2025,8,2,20,34,Wet,Cetirizine,Antihistamine,86,9
2025-08-29,2025,8,4,29,35,Wet,Cetirizine,Antihistamine,118,9
2025-09-07,2025,9,6,7,36,Wet,Cetirizine,Antihistamine,98,9
2025-09-16,2025,9,1,16,38,Wet,Cetirizine,Antihistamine,89,9
2025-09-25,2025,9,3,25,39,Wet,Cetirizine,Antihistamine,88,9
2025-10-02,2025,10,3,2,40,Wet,Cetirizine,Antihistamine,83,9
2025-10-14,2025,10,1,14,42,Wet,Cetirizine,Antihistamine,94,9
2025-10-22,2025,10,2,22,43,Wet,Cetirizine,Antihistamine,106,9
2025-10-30,2025,10,3,30,44,Wet,Cetirizine,Antihistamine,101,9
2025-11-07,2025,11,4,7,45,Wet,Cetirizine,Antihistamine,86,9
2025-11-16,2025,11,6,16,46,Wet,Cetirizine,Antihistamine,98,9
2025-11-22,2025,11,5,22,47,Wet,Cetirizine,Antihistamine,90,9
2025-12-01,2025,12,0,1,49,Dry,Cetirizine,Antihistamine,78,9
2025-12-08,2025,12,0,8,50,Dry,Cetirizine,Antihistamine,62,9
2025-12-15,2025,12,0,15,51,Dry,Cetirizine,Antihistamine,80,9
2025-12-23,2025,12,1,23,52,Dry,Cetirizine,Antihistamine,60,9
2026-01-01,2026,1,3,1,1,Dry,Cetirizine,Antihistamine,67,9
2026-01-09,2026,1,4,9,2,Dry,Cetirizine,Antihistamine,66,9
2026-01-15,2026,1,3,15,3,Dry,Cetirizine,Antihistamine,82,9
2026-01-22,2026,1,3,22,4,Dry,Cetirizine,Antihistamine,70,9
2026-02-02,2026,2,0,2,6,Dry,Cetirizine,Antihistamine,68,9
2026-02-09,2026,2,0,9,7,Dry,Cetirizine,Antihistamine,63,9
2026-02-19,2026,2,3,19,8,Dry,Cetirizine,Antihistamine,86,9
2026-03-02,2026,3,0,2,10,Dry,Cetirizine,Antihistamine,71,9
2026-03-13,2026,3,4,13,11,Dry,Cetirizine,Antihistamine,72,9
2026-03-22,2026,3,6,22,12,Dry,Cetirizine,Antihistamine,83,9
2026-03-28,2026,3,5,28,13,Dry,Cetirizine,Antihistamine,80,9
2026-04-08,2026,4,2,8,15,Dry,Cetirizine,Antihistamine,58,9
2026-04-17,2026,4,4,17,16,Dry,Cetirizine,Antihistamine,64,9
2026-04-25,2026,4,5,25,17,Dry,Cetirizine,Antihistamine,61,9
2026-05-02,2026,5,5,2,18,Dry,Cetirizine,Antihistamine,77,9
2026-05-13,2026,5,2,13,20,Dry,Cetirizine,Antihistamine,76,9
2026-05-19,2026,5,1,19,21,Dry,Cetirizine,Antihistamine,69,9
2026-05-28,2026,5,3,28,22,Dry,Cetirizine,Antihistamine,72,9
2026-06-08,2026,6,0,8,24,Wet,Cetirizine,Antihistamine,103,9
2026-06-17,2026,6,2,17,25,Wet,Cetirizine,Antihistamine,83,9
2026-06-24,2026,6,2,24,26,Wet,Cetirizine,Antihistamine,92,9
2026-07-04,2026,7,5,4,27,Wet,Cetirizine,Antihistamine,88,9
2026-07-16,2026,7,3,16,29,Wet,Cetirizine,Antihistamine,103,9
2026-07-27,2026,7,0,27,31,Wet,Cetirizine,Antihistamine,91,9
2026-08-02,2026,8,6,2,31,Wet,Cetirizine,Antihistamine,78,9
2026-08-09,2026,8,6,9,32,Wet,Cetirizine,Antihistamine,119,9
2021-08-22,2021,8,6,22,33,Wet,Salbutamol Nebule,Respiratory,151,11
2021-09-02,2021,9,3,2,35,Wet,Salbutamol Nebule,Respiratory,148,11
2021-09-15,2021,9,2,15,37,Wet,Salbutamol Nebule,Respiratory,154,11
2021-09-27,2021,9,0,27,39,Wet,Salbutamol Nebule,Respiratory,137,11
2021-10-10,2021,10,6,10,40,Wet,Salbutamol Nebule,Respiratory,134,11
2021-10-20,2021,10,2,20,42,Wet,Salbutamol Nebule,Respiratory,131,11
2021-10-31,2021,10,6,31,43,Wet,Salbutamol Nebule,Respiratory,132,11
2021-11-14,2021,11,6,14,45,Wet,Salbutamol Nebule,Respiratory,165,11
2021-11-26,2021,11,4,26,47,Wet,Salbutamol Nebule,Respiratory,137,11
2021-12-08,2021,12,2,8,49,Dry,Salbutamol Nebule,Respiratory,117,11
2021-12-21,2021,12,1,21,51,Dry,Salbutamol Nebule,Respiratory,110,11
2022-01-04,2022,1,1,4,1,Dry,Salbutamol Nebule,Respiratory,116,11
2022-01-13,2022,1,3,13,2,Dry,Salbutamol Nebule,Respiratory,113,11
2022-01-21,2022,1,4,21,3,Dry,Salbutamol Nebule,Respiratory,111,11
2022-01-29,2022,1,5,29,4,Dry,Salbutamol Nebule,Respiratory,115,11
2022-02-11,2022,2,4,11,6,Dry,Salbutamol Nebule,Respiratory,116,11
2022-02-24,2022,2,3,24,8,Dry,Salbutamol Nebule,Respiratory,116,11
2022-03-04,2022,3,4,4,9,Dry,Salbutamol Nebule,Respiratory,115,11
2022-03-13,2022,3,6,13,10,Dry,Salbutamol Nebule,Respiratory,126,11
2022-03-27,2022,3,6,27,12,Dry,Salbutamol Nebule,Respiratory,120,11
2022-04-05,2022,4,1,5,14,Dry,Salbutamol Nebule,Respiratory,118,11
2022-04-16,2022,4,5,16,15,Dry,Salbutamol Nebule,Respiratory,123,11
2022-04-28,2022,4,3,28,17,Dry,Salbutamol Nebule,Respiratory,103,11
2022-05-06,2022,5,4,6,18,Dry,Salbutamol Nebule,Respiratory,117,11
2022-05-20,2022,5,4,20,20,Dry,Salbutamol Nebule,Respiratory,126,11
2022-05-28,2022,5,5,28,21,Dry,Salbutamol Nebule,Respiratory,104,11
2022-06-09,2022,6,3,9,23,Wet,Salbutamol Nebule,Respiratory,163,11
2022-06-21,2022,6,1,21,25,Wet,Salbutamol Nebule,Respiratory,128,11
2022-06-29,2022,6,2,29,26,Wet,Salbutamol Nebule,Respiratory,163,11
2022-07-09,2022,7,5,9,27,Wet,Salbutamol Nebule,Respiratory,141,11
2022-07-17,2022,7,6,17,28,Wet,Salbutamol Nebule,Respiratory,140,11
2022-07-25,2022,7,0,25,30,Wet,Salbutamol Nebule,Respiratory,142,11
2022-08-06,2022,8,5,6,31,Wet,Salbutamol Nebule,Respiratory,172,11
2022-08-15,2022,8,0,15,33,Wet,Salbutamol Nebule,Respiratory,163,11
2022-08-29,2022,8,0,29,35,Wet,Salbutamol Nebule,Respiratory,154,11
2022-09-09,2022,9,4,9,36,Wet,Salbutamol Nebule,Respiratory,131,11
2022-09-20,2022,9,1,20,38,Wet,Salbutamol Nebule,Respiratory,152,11
2022-10-03,2022,10,0,3,40,Wet,Salbutamol Nebule,Respiratory,127,11
2022-10-16,2022,10,6,16,41,Wet,Salbutamol Nebule,Respiratory,137,11
2022-10-28,2022,10,4,28,43,Wet,Salbutamol Nebule,Respiratory,147,11
2022-11-10,2022,11,3,10,45,Wet,Salbutamol Nebule,Respiratory,146,11
2022-11-23,2022,11,2,23,47,Wet,Salbutamol Nebule,Respiratory,160,11
2022-12-06,2022,12,1,6,49,Dry,Salbutamol Nebule,Respiratory,121,11
2022-12-17,2022,12,5,17,50,Dry,Salbutamol Nebule,Respiratory,117,11
2022-12-28,2022,12,2,28,52,Dry,Salbutamol Nebule,Respiratory,99,11
2023-01-06,2023,1,4,6,1,Dry,Salbutamol Nebule,Respiratory,119,11
2023-01-17,2023,1,1,17,3,Dry,Salbutamol Nebule,Respiratory,121,11
2023-01-26,2023,1,3,26,4,Dry,Salbutamol Nebule,Respiratory,122,11
2023-02-07,2023,2,1,7,6,Dry,Salbutamol Nebule,Respiratory,139,11
2023-02-15,2023,2,2,15,7,Dry,Salbutamol Nebule,Respiratory,102,11
2023-02-26,2023,2,6,26,8,Dry,Salbutamol Nebule,Respiratory,102,11
2023-03-10,2023,3,4,10,10,Dry,Salbutamol Nebule,Respiratory,111,11
2023-03-18,2023,3,5,18,11,Dry,Salbutamol Nebule,Respiratory,125,11
2023-03-28,2023,3,1,28,13,Dry,Salbutamol Nebule,Respiratory,111,11
2023-04-09,2023,4,6,9,14,Dry,Salbutamol Nebule,Respiratory,107,11
2023-04-17,2023,4,0,17,16,Dry,Salbutamol Nebule,Respiratory,127,11
2023-04-27,2023,4,3,27,17,Dry,Salbutamol Nebule,Respiratory,128,11
2023-05-10,2023,5,2,10,19,Dry,Salbutamol Nebule,Respiratory,125,11
2023-05-18,2023,5,3,18,20,Dry,Salbutamol Nebule,Respiratory,115,11
2023-05-26,2023,5,4,26,21,Dry,Salbutamol Nebule,Respiratory,117,11
2023-06-06,2023,6,1,6,23,Wet,Salbutamol Nebule,Respiratory,156,11
2023-06-19,2023,6,0,19,25,Wet,Salbutamol Nebule,Respiratory,127,11
2023-06-29,2023,6,3,29,26,Wet,Salbutamol Nebule,Respiratory,132,11
2023-07-09,2023,7,6,9,27,Wet,Salbutamol Nebule,Respiratory,152,11
2023-07-17,2023,7,0,17,29,Wet,Salbutamol Nebule,Respiratory,145,11
2023-07-29,2023,7,5,29,30,Wet,Salbutamol Nebule,Respiratory,154,11
2023-08-07,2023,8,0,7,32,Wet,Salbutamol Nebule,Respiratory,126,11
2023-08-17,2023,8,3,17,33,Wet,Salbutamol Nebule,Respiratory,144,11
2023-08-31,2023,8,3,31,35,Wet,Salbutamol Nebule,Respiratory,147,11
2023-09-10,2023,9,6,10,36,Wet,Salbutamol Nebule,Respiratory,143,11
2023-09-23,2023,9,5,23,38,Wet,Salbutamol Nebule,Respiratory,161,11
2023-10-03,2023,10,1,3,40,Wet,Salbutamol Nebule,Respiratory,139,11
2023-10-12,2023,10,3,12,41,Wet,Salbutamol Nebule,Respiratory,138,11
2023-10-21,2023,10,5,21,42,Wet,Salbutamol Nebule,Respiratory,155,11
2023-11-01,2023,11,2,1,44,Wet,Salbutamol Nebule,Respiratory,146,11
2023-11-12,2023,11,6,12,45,Wet,Salbutamol Nebule,Respiratory,127,11
2023-11-20,2023,11,0,20,47,Wet,Salbutamol Nebule,Respiratory,163,11
2023-12-01,2023,12,4,1,48,Dry,Salbutamol Nebule,Respiratory,124,11
2023-12-13,2023,12,2,13,50,Dry,Salbutamol Nebule,Respiratory,131,11
2023-12-24,2023,12,6,24,51,Dry,Salbutamol Nebule,Respiratory,112,11
2024-01-04,2024,1,3,4,1,Dry,Salbutamol Nebule,Respiratory,117,11
2024-01-12,2024,1,4,12,2,Dry,Salbutamol Nebule,Respiratory,114,11
2024-01-23,2024,1,1,23,4,Dry,Salbutamol Nebule,Respiratory,133,11
2024-02-05,2024,2,0,5,6,Dry,Salbutamol Nebule,Respiratory,113,11
2024-02-14,2024,2,2,14,7,Dry,Salbutamol Nebule,Respiratory,111,11
2024-02-22,2024,2,3,22,8,Dry,Salbutamol Nebule,Respiratory,103,11
2024-03-03,2024,3,6,3,9,Dry,Salbutamol Nebule,Respiratory,131,11
2024-03-11,2024,3,0,11,11,Dry,Salbutamol Nebule,Respiratory,133,11
2024-03-19,2024,3,1,19,12,Dry,Salbutamol Nebule,Respiratory,114,11
2024-04-01,2024,4,0,1,14,Dry,Salbutamol Nebule,Respiratory,117,11
2024-04-13,2024,4,5,13,15,Dry,Salbutamol Nebule,Respiratory,118,11
2024-04-26,2024,4,4,26,17,Dry,Salbutamol Nebule,Respiratory,115,11
2024-05-08,2024,5,2,8,19,Dry,Salbutamol Nebule,Respiratory,107,11
2024-05-17,2024,5,4,17,20,Dry,Salbutamol Nebule,Respiratory,120,11
2024-05-30,2024,5,3,30,22,Dry,Salbutamol Nebule,Respiratory,107,11
2024-06-07,2024,6,4,7,23,Wet,Salbutamol Nebule,Respiratory,148,11
2024-06-21,2024,6,4,21,25,Wet,Salbutamol Nebule,Respiratory,128,11
2024-07-04,2024,7,3,4,27,Wet,Salbutamol Nebule,Respiratory,128,11
2024-07-17,2024,7,2,17,29,Wet,Salbutamol Nebule,Respiratory,145,11
2024-07-26,2024,7,4,26,30,Wet,Salbutamol Nebule,Respiratory,136,11
2024-08-07,2024,8,2,7,32,Wet,Salbutamol Nebule,Respiratory,158,11
2024-08-15,2024,8,3,15,33,Wet,Salbutamol Nebule,Respiratory,144,11
2024-08-24,2024,8,5,24,34,Wet,Salbutamol Nebule,Respiratory,160,11
2024-09-01,2024,9,6,1,35,Wet,Salbutamol Nebule,Respiratory,151,11
2024-09-13,2024,9,4,13,37,Wet,Salbutamol Nebule,Respiratory,144,11
2024-09-24,2024,9,1,24,39,Wet,Salbutamol Nebule,Respiratory,150,11
2024-10-02,2024,10,2,2,40,Wet,Salbutamol Nebule,Respiratory,149,11
2024-10-12,2024,10,5,12,41,Wet,Salbutamol Nebule,Respiratory,156,11
2024-10-25,2024,10,4,25,43,Wet,Salbutamol Nebule,Respiratory,148,11
2024-11-07,2024,11,3,7,45,Wet,Salbutamol Nebule,Respiratory,142,11
2024-11-20,2024,11,2,20,47,Wet,Salbutamol Nebule,Respiratory,141,11
2024-11-30,2024,11,5,30,48,Wet,Salbutamol Nebule,Respiratory,149,11
2024-12-14,2024,12,5,14,50,Dry,Salbutamol Nebule,Respiratory,126,11
2024-12-24,2024,12,1,24,52,Dry,Salbutamol Nebule,Respiratory,131,11
2025-01-01,2025,1,2,1,1,Dry,Salbutamol Nebule,Respiratory,128,11
2025-01-09,2025,1,3,9,2,Dry,Salbutamol Nebule,Respiratory,122,11
2025-01-18,2025,1,5,18,3,Dry,Salbutamol Nebule,Respiratory,129,11
2025-02-01,2025,2,5,1,5,Dry,Salbutamol Nebule,Respiratory,125,11
2025-02-11,2025,2,1,11,7,Dry,Salbutamol Nebule,Respiratory,125,11
2025-02-23,2025,2,6,23,8,Dry,Salbutamol Nebule,Respiratory,115,11
2025-03-09,2025,3,6,9,10,Dry,Salbutamol Nebule,Respiratory,135,11
2025-03-17,2025,3,0,17,12,Dry,Salbutamol Nebule,Respiratory,111,11
2025-03-29,2025,3,5,29,13,Dry,Salbutamol Nebule,Respiratory,124,11
2025-04-10,2025,4,3,10,15,Dry,Salbutamol Nebule,Respiratory,120,11
2025-04-21,2025,4,0,21,17,Dry,Salbutamol Nebule,Respiratory,118,11
2025-05-04,2025,5,6,4,18,Dry,Salbutamol Nebule,Respiratory,115,11
2025-05-12,2025,5,0,12,20,Dry,Salbutamol Nebule,Respiratory,110,11
2025-05-25,2025,5,6,25,21,Dry,Salbutamol Nebule,Respiratory,133,11
2025-06-04,2025,6,2,4,23,Wet,Salbutamol Nebule,Respiratory,136,11
2025-06-13,2025,6,4,13,24,Wet,Salbutamol Nebule,Respiratory,141,11
2025-06-21,2025,6,5,21,25,Wet,Salbutamol Nebule,Respiratory,144,11
2025-06-30,2025,6,0,30,27,Wet,Salbutamol Nebule,Respiratory,142,11
2025-07-12,2025,7,5,12,28,Wet,Salbutamol Nebule,Respiratory,159,11
2025-07-23,2025,7,2,23,30,Wet,Salbutamol Nebule,Respiratory,147,11
2025-08-04,2025,8,0,4,32,Wet,Salbutamol Nebule,Respiratory,143,11
2025-08-16,2025,8,5,16,33,Wet,Salbutamol Nebule,Respiratory,153,11
2025-08-29,2025,8,4,29,35,Wet,Salbutamol Nebule,Respiratory,156,11
2025-09-11,2025,9,3,11,37,Wet,Salbutamol Nebule,Respiratory,131,11
2025-09-21,2025,9,6,21,38,Wet,Salbutamol Nebule,Respiratory,154,11
2025-10-05,2025,10,6,5,40,Wet,Salbutamol Nebule,Respiratory,157,11
2025-10-19,2025,10,6,19,42,Wet,Salbutamol Nebule,Respiratory,154,11
2025-10-31,2025,10,4,31,44,Wet,Salbutamol Nebule,Respiratory,146,11
2025-11-10,2025,11,0,10,46,Wet,Salbutamol Nebule,Respiratory,153,11
2025-11-19,2025,11,2,19,47,Wet,Salbutamol Nebule,Respiratory,144,11
2025-11-27,2025,11,3,27,48,Wet,Salbutamol Nebule,Respiratory,150,11
2025-12-10,2025,12,2,10,50,Dry,Salbutamol Nebule,Respiratory,115,11
2025-12-22,2025,12,0,22,52,Dry,Salbutamol Nebule,Respiratory,123,11
2026-01-01,2026,1,3,1,1,Dry,Salbutamol Nebule,Respiratory,126,11
2026-01-10,2026,1,5,10,2,Dry,Salbutamol Nebule,Respiratory,121,11
2026-01-24,2026,1,5,24,4,Dry,Salbutamol Nebule,Respiratory,122,11
2026-02-04,2026,2,2,4,6,Dry,Salbutamol Nebule,Respiratory,118,11
2026-02-13,2026,2,4,13,7,Dry,Salbutamol Nebule,Respiratory,123,11
2026-02-24,2026,2,1,24,9,Dry,Salbutamol Nebule,Respiratory,118,11
2026-03-09,2026,3,0,9,11,Dry,Salbutamol Nebule,Respiratory,120,11
2026-03-22,2026,3,6,22,12,Dry,Salbutamol Nebule,Respiratory,134,11
2026-03-30,2026,3,0,30,14,Dry,Salbutamol Nebule,Respiratory,112,11
2026-04-08,2026,4,2,8,15,Dry,Salbutamol Nebule,Respiratory,127,11
2026-04-18,2026,4,5,18,16,Dry,Salbutamol Nebule,Respiratory,95,11
2026-04-27,2026,4,0,27,18,Dry,Salbutamol Nebule,Respiratory,101,11
2026-05-08,2026,5,4,8,19,Dry,Salbutamol Nebule,Respiratory,110,11
2026-05-18,2026,5,0,18,21,Dry,Salbutamol Nebule,Respiratory,109,11
2026-06-01,2026,6,0,1,23,Wet,Salbutamol Nebule,Respiratory,143,11
2026-06-13,2026,6,5,13,24,Wet,Salbutamol Nebule,Respiratory,166,11
2026-06-24,2026,6,2,24,26,Wet,Salbutamol Nebule,Respiratory,137,11
2026-07-03,2026,7,4,3,27,Wet,Salbutamol Nebule,Respiratory,164,11
2026-07-14,2026,7,1,14,29,Wet,Salbutamol Nebule,Respiratory,123,11
2026-07-25,2026,7,5,25,30,Wet,Salbutamol Nebule,Respiratory,134,11
2026-08-07,2026,8,4,7,32,Wet,Salbutamol Nebule,Respiratory,144,11
2021-08-16,2021,8,0,16,33,Wet,Multivitamins,Vitamins,57,14
2021-09-01,2021,9,2,1,35,Wet,Multivitamins,Vitamins,56,14
2021-09-17,2021,9,4,17,37,Wet,Multivitamins,Vitamins,55,14
2021-09-30,2021,9,3,30,39,Wet,Multivitamins,Vitamins,58,14
2021-10-17,2021,10,6,17,41,Wet,Multivitamins,Vitamins,45,14
2021-10-29,2021,10,4,29,43,Wet,Multivitamins,Vitamins,44,14
2021-11-14,2021,11,6,14,45,Wet,Multivitamins,Vitamins,54,14
2021-11-27,2021,11,5,27,47,Wet,Multivitamins,Vitamins,42,14
2021-12-14,2021,12,1,14,50,Dry,Multivitamins,Vitamins,59,14
2021-12-27,2021,12,0,27,52,Dry,Multivitamins,Vitamins,49,14
2022-01-07,2022,1,4,7,1,Dry,Multivitamins,Vitamins,49,14
2022-01-20,2022,1,3,20,3,Dry,Multivitamins,Vitamins,52,14
2022-02-01,2022,2,1,1,5,Dry,Multivitamins,Vitamins,40,14
2022-02-14,2022,2,0,14,7,Dry,Multivitamins,Vitamins,55,14
2022-03-01,2022,3,1,1,9,Dry,Multivitamins,Vitamins,59,14
2022-03-17,2022,3,3,17,11,Dry,Multivitamins,Vitamins,50,14
2022-03-29,2022,3,1,29,13,Dry,Multivitamins,Vitamins,58,14
2022-04-12,2022,4,1,12,15,Dry,Multivitamins,Vitamins,50,14
2022-04-25,2022,4,0,25,17,Dry,Multivitamins,Vitamins,40,14
2022-05-09,2022,5,0,9,19,Dry,Multivitamins,Vitamins,41,14
2022-05-22,2022,5,6,22,20,Dry,Multivitamins,Vitamins,42,14
2022-06-07,2022,6,1,7,23,Wet,Multivitamins,Vitamins,51,14
2022-06-24,2022,6,4,24,25,Wet,Multivitamins,Vitamins,50,14
2022-07-10,2022,7,6,10,27,Wet,Multivitamins,Vitamins,44,14
2022-07-23,2022,7,5,23,29,Wet,Multivitamins,Vitamins,46,14
2022-08-07,2022,8,6,7,31,Wet,Multivitamins,Vitamins,56,14
2022-08-18,2022,8,3,18,33,Wet,Multivitamins,Vitamins,49,14
2022-09-04,2022,9,6,4,35,Wet,Multivitamins,Vitamins,44,14
2022-09-21,2022,9,2,21,38,Wet,Multivitamins,Vitamins,51,14
2022-10-05,2022,10,2,5,40,Wet,Multivitamins,Vitamins,55,14
2022-10-16,2022,10,6,16,41,Wet,Multivitamins,Vitamins,50,14
2022-10-28,2022,10,4,28,43,Wet,Multivitamins,Vitamins,64,14
2022-11-10,2022,11,3,10,45,Wet,Multivitamins,Vitamins,48,14
2022-11-21,2022,11,0,21,47,Wet,Multivitamins,Vitamins,53,14
2022-12-07,2022,12,2,7,49,Dry,Multivitamins,Vitamins,48,14
2022-12-24,2022,12,5,24,51,Dry,Multivitamins,Vitamins,63,14
2023-01-09,2023,1,0,9,2,Dry,Multivitamins,Vitamins,57,14
2023-01-24,2023,1,1,24,4,Dry,Multivitamins,Vitamins,55,14
2023-02-04,2023,2,5,4,5,Dry,Multivitamins,Vitamins,49,14
2023-02-15,2023,2,2,15,7,Dry,Multivitamins,Vitamins,48,14
2023-03-02,2023,3,3,2,9,Dry,Multivitamins,Vitamins,33,14
2023-03-13,2023,3,0,13,11,Dry,Multivitamins,Vitamins,55,14
2023-03-30,2023,3,3,30,13,Dry,Multivitamins,Vitamins,48,14
2023-04-10,2023,4,0,10,15,Dry,Multivitamins,Vitamins,51,14
2023-04-26,2023,4,2,26,17,Dry,Multivitamins,Vitamins,53,14
2023-05-08,2023,5,0,8,19,Dry,Multivitamins,Vitamins,47,14
2023-05-21,2023,5,6,21,20,Dry,Multivitamins,Vitamins,52,14
2023-06-02,2023,6,4,2,22,Wet,Multivitamins,Vitamins,53,14
2023-06-19,2023,6,0,19,25,Wet,Multivitamins,Vitamins,62,14
2023-07-05,2023,7,2,5,27,Wet,Multivitamins,Vitamins,50,14
2023-07-18,2023,7,1,18,29,Wet,Multivitamins,Vitamins,47,14
2023-08-02,2023,8,2,2,31,Wet,Multivitamins,Vitamins,62,14
2023-08-13,2023,8,6,13,32,Wet,Multivitamins,Vitamins,52,14
2023-08-27,2023,8,6,27,34,Wet,Multivitamins,Vitamins,59,14
2023-09-08,2023,9,4,8,36,Wet,Multivitamins,Vitamins,61,14
2023-09-23,2023,9,5,23,38,Wet,Multivitamins,Vitamins,53,14
2023-10-09,2023,10,0,9,41,Wet,Multivitamins,Vitamins,56,14
2023-10-25,2023,10,2,25,43,Wet,Multivitamins,Vitamins,37,14
2023-11-05,2023,11,6,5,44,Wet,Multivitamins,Vitamins,63,14
2023-11-21,2023,11,1,21,47,Wet,Multivitamins,Vitamins,35,14
2023-12-05,2023,12,1,5,49,Dry,Multivitamins,Vitamins,44,14
2023-12-20,2023,12,2,20,51,Dry,Multivitamins,Vitamins,48,14
2024-01-01,2024,1,0,1,1,Dry,Multivitamins,Vitamins,60,14
2024-01-13,2024,1,5,13,2,Dry,Multivitamins,Vitamins,42,14
2024-01-26,2024,1,4,26,4,Dry,Multivitamins,Vitamins,55,14
2024-02-12,2024,2,0,12,7,Dry,Multivitamins,Vitamins,48,14
2024-02-26,2024,2,0,26,9,Dry,Multivitamins,Vitamins,47,14
2024-03-14,2024,3,3,14,11,Dry,Multivitamins,Vitamins,46,14
2024-03-28,2024,3,3,28,13,Dry,Multivitamins,Vitamins,45,14
2024-04-08,2024,4,0,8,15,Dry,Multivitamins,Vitamins,48,14
2024-04-21,2024,4,6,21,16,Dry,Multivitamins,Vitamins,46,14
2024-05-02,2024,5,3,2,18,Dry,Multivitamins,Vitamins,57,14
2024-05-17,2024,5,4,17,20,Dry,Multivitamins,Vitamins,50,14
2024-06-03,2024,6,0,3,23,Wet,Multivitamins,Vitamins,65,14
2024-06-20,2024,6,3,20,25,Wet,Multivitamins,Vitamins,48,14
2024-07-01,2024,7,0,1,27,Wet,Multivitamins,Vitamins,47,14
2024-07-14,2024,7,6,14,28,Wet,Multivitamins,Vitamins,46,14
2024-07-28,2024,7,6,28,30,Wet,Multivitamins,Vitamins,51,14
2024-08-10,2024,8,5,10,32,Wet,Multivitamins,Vitamins,50,14
2024-08-23,2024,8,4,23,34,Wet,Multivitamins,Vitamins,47,14
2024-09-06,2024,9,4,6,36,Wet,Multivitamins,Vitamins,56,14
2024-09-21,2024,9,5,21,38,Wet,Multivitamins,Vitamins,37,14
2024-10-04,2024,10,4,4,40,Wet,Multivitamins,Vitamins,36,14
2024-10-15,2024,10,1,15,42,Wet,Multivitamins,Vitamins,53,14
2024-10-28,2024,10,0,28,44,Wet,Multivitamins,Vitamins,50,14
2024-11-09,2024,11,5,9,45,Wet,Multivitamins,Vitamins,56,14
2024-11-24,2024,11,6,24,47,Wet,Multivitamins,Vitamins,43,14
2024-12-10,2024,12,1,10,50,Dry,Multivitamins,Vitamins,48,14
2024-12-27,2024,12,4,27,52,Dry,Multivitamins,Vitamins,39,14
2025-01-07,2025,1,1,7,2,Dry,Multivitamins,Vitamins,48,14
2025-01-24,2025,1,4,24,4,Dry,Multivitamins,Vitamins,51,14
2025-02-05,2025,2,2,5,6,Dry,Multivitamins,Vitamins,46,14
2025-02-16,2025,2,6,16,7,Dry,Multivitamins,Vitamins,37,14
2025-03-04,2025,3,1,4,10,Dry,Multivitamins,Vitamins,56,14
2025-03-16,2025,3,6,16,11,Dry,Multivitamins,Vitamins,41,14
2025-04-01,2025,4,1,1,14,Dry,Multivitamins,Vitamins,61,14
2025-04-17,2025,4,3,17,16,Dry,Multivitamins,Vitamins,47,14
2025-05-03,2025,5,5,3,18,Dry,Multivitamins,Vitamins,55,14
2025-05-20,2025,5,1,20,21,Dry,Multivitamins,Vitamins,45,14
2025-06-05,2025,6,3,5,23,Wet,Multivitamins,Vitamins,53,14
2025-06-22,2025,6,6,22,25,Wet,Multivitamins,Vitamins,50,14
2025-07-07,2025,7,0,7,28,Wet,Multivitamins,Vitamins,45,14
2025-07-20,2025,7,6,20,29,Wet,Multivitamins,Vitamins,50,14
2025-08-04,2025,8,0,4,32,Wet,Multivitamins,Vitamins,43,14
2025-08-21,2025,8,3,21,34,Wet,Multivitamins,Vitamins,51,14
2025-09-04,2025,9,3,4,36,Wet,Multivitamins,Vitamins,53,14
2025-09-18,2025,9,3,18,38,Wet,Multivitamins,Vitamins,50,14
2025-10-02,2025,10,3,2,40,Wet,Multivitamins,Vitamins,56,14
2025-10-13,2025,10,0,13,42,Wet,Multivitamins,Vitamins,48,14
2025-10-29,2025,10,2,29,44,Wet,Multivitamins,Vitamins,53,14
2025-11-15,2025,11,5,15,46,Wet,Multivitamins,Vitamins,47,14
2025-11-28,2025,11,4,28,48,Wet,Multivitamins,Vitamins,41,14
2025-12-13,2025,12,5,13,50,Dry,Multivitamins,Vitamins,54,14
2025-12-30,2025,12,1,30,1,Dry,Multivitamins,Vitamins,43,14
2026-01-13,2026,1,1,13,3,Dry,Multivitamins,Vitamins,61,14
2026-01-24,2026,1,5,24,4,Dry,Multivitamins,Vitamins,44,14
2026-02-09,2026,2,0,9,7,Dry,Multivitamins,Vitamins,50,14
2026-02-24,2026,2,1,24,9,Dry,Multivitamins,Vitamins,47,14
2026-03-12,2026,3,3,12,11,Dry,Multivitamins,Vitamins,50,14
2026-03-28,2026,3,5,28,13,Dry,Multivitamins,Vitamins,39,14
2026-04-13,2026,4,0,13,16,Dry,Multivitamins,Vitamins,44,14
2026-04-25,2026,4,5,25,17,Dry,Multivitamins,Vitamins,49,14
2026-05-09,2026,5,5,9,19,Dry,Multivitamins,Vitamins,43,14
2026-05-26,2026,5,1,26,22,Dry,Multivitamins,Vitamins,44,14
2026-06-06,2026,6,5,6,23,Wet,Multivitamins,Vitamins,53,14
2026-06-17,2026,6,2,17,25,Wet,Multivitamins,Vitamins,54,14
2026-07-03,2026,7,4,3,27,Wet,Multivitamins,Vitamins,56,14
2026-07-14,2026,7,1,14,29,Wet,Multivitamins,Vitamins,47,14
2026-07-27,2026,7,0,27,31,Wet,Multivitamins,Vitamins,48,14
2026-08-07,2026,8,4,7,32,Wet,Multivitamins,Vitamins,51,14
2021-08-15,2021,8,6,15,32,Wet,Ferrous Sulfate,Vitamins,46,8
2021-08-24,2021,8,1,24,34,Wet,Ferrous Sulfate,Vitamins,47,8
2021-09-04,2021,9,5,4,35,Wet,Ferrous Sulfate,Vitamins,51,8
2021-09-13,2021,9,0,13,37,Wet,Ferrous Sulfate,Vitamins,55,8
2021-09-19,2021,9,6,19,37,Wet,Ferrous Sulfate,Vitamins,64,8
2021-09-25,2021,9,5,25,38,Wet,Ferrous Sulfate,Vitamins,50,8
2021-09-30,2021,9,3,30,39,Wet,Ferrous Sulfate,Vitamins,57,8
2021-10-06,2021,10,2,6,40,Wet,Ferrous Sulfate,Vitamins,40,8
2021-10-15,2021,10,4,15,41,Wet,Ferrous Sulfate,Vitamins,44,8
2021-10-21,2021,10,3,21,42,Wet,Ferrous Sulfate,Vitamins,66,8
2021-10-31,2021,10,6,31,43,Wet,Ferrous Sulfate,Vitamins,46,8
2021-11-07,2021,11,6,7,44,Wet,Ferrous Sulfate,Vitamins,51,8
2021-11-13,2021,11,5,13,45,Wet,Ferrous Sulfate,Vitamins,69,8
2021-11-20,2021,11,5,20,46,Wet,Ferrous Sulfate,Vitamins,49,8
2021-11-28,2021,11,6,28,47,Wet,Ferrous Sulfate,Vitamins,50,8
2021-12-08,2021,12,2,8,49,Dry,Ferrous Sulfate,Vitamins,54,8
2021-12-15,2021,12,2,15,50,Dry,Ferrous Sulfate,Vitamins,55,8
2021-12-26,2021,12,6,26,51,Dry,Ferrous Sulfate,Vitamins,50,8
2022-01-03,2022,1,0,3,1,Dry,Ferrous Sulfate,Vitamins,52,8
2022-01-08,2022,1,5,8,1,Dry,Ferrous Sulfate,Vitamins,47,8
2022-01-16,2022,1,6,16,2,Dry,Ferrous Sulfate,Vitamins,42,8
2022-01-25,2022,1,1,25,4,Dry,Ferrous Sulfate,Vitamins,56,8
2022-02-05,2022,2,5,5,5,Dry,Ferrous Sulfate,Vitamins,46,8
2022-02-14,2022,2,0,14,7,Dry,Ferrous Sulfate,Vitamins,63,8
2022-02-23,2022,2,2,23,8,Dry,Ferrous Sulfate,Vitamins,50,8
2022-03-05,2022,3,5,5,9,Dry,Ferrous Sulfate,Vitamins,54,8
2022-03-14,2022,3,0,14,11,Dry,Ferrous Sulfate,Vitamins,60,8
2022-03-22,2022,3,1,22,12,Dry,Ferrous Sulfate,Vitamins,54,8
2022-04-02,2022,4,5,2,13,Dry,Ferrous Sulfate,Vitamins,50,8
2022-04-08,2022,4,4,8,14,Dry,Ferrous Sulfate,Vitamins,38,8
2022-04-17,2022,4,6,17,15,Dry,Ferrous Sulfate,Vitamins,50,8
2022-04-24,2022,4,6,24,16,Dry,Ferrous Sulfate,Vitamins,56,8
2022-05-04,2022,5,2,4,18,Dry,Ferrous Sulfate,Vitamins,50,8
2022-05-09,2022,5,0,9,19,Dry,Ferrous Sulfate,Vitamins,47,8
2022-05-19,2022,5,3,19,20,Dry,Ferrous Sulfate,Vitamins,63,8
2022-05-27,2022,5,4,27,21,Dry,Ferrous Sulfate,Vitamins,57,8
2022-06-02,2022,6,3,2,22,Wet,Ferrous Sulfate,Vitamins,54,8
2022-06-10,2022,6,4,10,23,Wet,Ferrous Sulfate,Vitamins,48,8
2022-06-16,2022,6,3,16,24,Wet,Ferrous Sulfate,Vitamins,52,8
2022-06-24,2022,6,4,24,25,Wet,Ferrous Sulfate,Vitamins,57,8
2022-07-03,2022,7,6,3,26,Wet,Ferrous Sulfate,Vitamins,59,8
2022-07-09,2022,7,5,9,27,Wet,Ferrous Sulfate,Vitamins,52,8
2022-07-14,2022,7,3,14,28,Wet,Ferrous Sulfate,Vitamins,53,8
2022-07-25,2022,7,0,25,30,Wet,Ferrous Sulfate,Vitamins,67,8
2022-07-30,2022,7,5,30,30,Wet,Ferrous Sulfate,Vitamins,44,8
2022-08-10,2022,8,2,10,32,Wet,Ferrous Sulfate,Vitamins,46,8
2022-08-16,2022,8,1,16,33,Wet,Ferrous Sulfate,Vitamins,55,8
2022-08-23,2022,8,1,23,34,Wet,Ferrous Sulfate,Vitamins,57,8
2022-08-31,2022,8,2,31,35,Wet,Ferrous Sulfate,Vitamins,68,8
2022-09-06,2022,9,1,6,36,Wet,Ferrous Sulfate,Vitamins,55,8
2022-09-16,2022,9,4,16,37,Wet,Ferrous Sulfate,Vitamins,44,8
2022-09-22,2022,9,3,22,38,Wet,Ferrous Sulfate,Vitamins,57,8
2022-10-01,2022,10,5,1,39,Wet,Ferrous Sulfate,Vitamins,57,8
2022-10-12,2022,10,2,12,41,Wet,Ferrous Sulfate,Vitamins,38,8
2022-10-22,2022,10,5,22,42,Wet,Ferrous Sulfate,Vitamins,43,8
2022-10-29,2022,10,5,29,43,Wet,Ferrous Sulfate,Vitamins,58,8
2022-11-04,2022,11,4,4,44,Wet,Ferrous Sulfate,Vitamins,55,8
2022-11-09,2022,11,2,9,45,Wet,Ferrous Sulfate,Vitamins,52,8
2022-11-14,2022,11,0,14,46,Wet,Ferrous Sulfate,Vitamins,48,8
2022-11-22,2022,11,1,22,47,Wet,Ferrous Sulfate,Vitamins,60,8
2022-11-30,2022,11,2,30,48,Wet,Ferrous Sulfate,Vitamins,45,8
2022-12-11,2022,12,6,11,49,Dry,Ferrous Sulfate,Vitamins,60,8
2022-12-22,2022,12,3,22,51,Dry,Ferrous Sulfate,Vitamins,64,8
2022-12-31,2022,12,5,31,52,Dry,Ferrous Sulfate,Vitamins,54,8
2023-01-10,2023,1,1,10,2,Dry,Ferrous Sulfate,Vitamins,55,8
2023-01-19,2023,1,3,19,3,Dry,Ferrous Sulfate,Vitamins,49,8
2023-01-26,2023,1,3,26,4,Dry,Ferrous Sulfate,Vitamins,41,8
2023-02-04,2023,2,5,4,5,Dry,Ferrous Sulfate,Vitamins,56,8
2023-02-15,2023,2,2,15,7,Dry,Ferrous Sulfate,Vitamins,64,8
2023-02-24,2023,2,4,24,8,Dry,Ferrous Sulfate,Vitamins,50,8
2023-03-04,2023,3,5,4,9,Dry,Ferrous Sulfate,Vitamins,66,8
2023-03-12,2023,3,6,12,10,Dry,Ferrous Sulfate,Vitamins,56,8
2023-03-20,2023,3,0,20,12,Dry,Ferrous Sulfate,Vitamins,56,8
2023-03-30,2023,3,3,30,13,Dry,Ferrous Sulfate,Vitamins,43,8
2023-04-10,2023,4,0,10,15,Dry,Ferrous Sulfate,Vitamins,49,8
2023-04-20,2023,4,3,20,16,Dry,Ferrous Sulfate,Vitamins,55,8
2023-04-30,2023,4,6,30,17,Dry,Ferrous Sulfate,Vitamins,61,8
2023-05-06,2023,5,5,6,18,Dry,Ferrous Sulfate,Vitamins,55,8
2023-05-11,2023,5,3,11,19,Dry,Ferrous Sulfate,Vitamins,51,8
2023-05-19,2023,5,4,19,20,Dry,Ferrous Sulfate,Vitamins,42,8
2023-05-30,2023,5,1,30,22,Dry,Ferrous Sulfate,Vitamins,41,8
2023-06-07,2023,6,2,7,23,Wet,Ferrous Sulfate,Vitamins,55,8
2023-06-13,2023,6,1,13,24,Wet,Ferrous Sulfate,Vitamins,53,8
2023-06-19,2023,6,0,19,25,Wet,Ferrous Sulfate,Vitamins,57,8
2023-06-28,2023,6,2,28,26,Wet,Ferrous Sulfate,Vitamins,57,8
2023-07-06,2023,7,3,6,27,Wet,Ferrous Sulfate,Vitamins,44,8
2023-07-14,2023,7,4,14,28,Wet,Ferrous Sulfate,Vitamins,55,8
2023-07-25,2023,7,1,25,30,Wet,Ferrous Sulfate,Vitamins,63,8
2023-08-04,2023,8,4,4,31,Wet,Ferrous Sulfate,Vitamins,42,8
2023-08-13,2023,8,6,13,32,Wet,Ferrous Sulfate,Vitamins,52,8
2023-08-23,2023,8,2,23,34,Wet,Ferrous Sulfate,Vitamins,47,8
2023-08-29,2023,8,1,29,35,Wet,Ferrous Sulfate,Vitamins,54,8
2023-09-09,2023,9,5,9,36,Wet,Ferrous Sulfate,Vitamins,55,8
2023-09-17,2023,9,6,17,37,Wet,Ferrous Sulfate,Vitamins,56,8
2023-09-24,2023,9,6,24,38,Wet,Ferrous Sulfate,Vitamins,55,8
2023-10-04,2023,10,2,4,40,Wet,Ferrous Sulfate,Vitamins,36,8
2023-10-11,2023,10,2,11,41,Wet,Ferrous Sulfate,Vitamins,57,8
2023-10-21,2023,10,5,21,42,Wet,Ferrous Sulfate,Vitamins,57,8
2023-10-28,2023,10,5,28,43,Wet,Ferrous Sulfate,Vitamins,61,8
2023-11-07,2023,11,1,7,45,Wet,Ferrous Sulfate,Vitamins,64,8
2023-11-18,2023,11,5,18,46,Wet,Ferrous Sulfate,Vitamins,52,8
2023-11-24,2023,11,4,24,47,Wet,Ferrous Sulfate,Vitamins,59,8
2023-12-01,2023,12,4,1,48,Dry,Ferrous Sulfate,Vitamins,65,8
2023-12-06,2023,12,2,6,49,Dry,Ferrous Sulfate,Vitamins,56,8
2023-12-17,2023,12,6,17,50,Dry,Ferrous Sulfate,Vitamins,52,8
2023-12-27,2023,12,2,27,52,Dry,Ferrous Sulfate,Vitamins,54,8
2024-01-02,2024,1,1,2,1,Dry,Ferrous Sulfate,Vitamins,51,8
2024-01-09,2024,1,1,9,2,Dry,Ferrous Sulfate,Vitamins,40,8
2024-01-16,2024,1,1,16,3,Dry,Ferrous Sulfate,Vitamins,52,8
2024-01-25,2024,1,3,25,4,Dry,Ferrous Sulfate,Vitamins,63,8
2024-01-30,2024,1,1,30,5,Dry,Ferrous Sulfate,Vitamins,51,8
2024-02-10,2024,2,5,10,6,Dry,Ferrous Sulfate,Vitamins,56,8
2024-02-16,2024,2,4,16,7,Dry,Ferrous Sulfate,Vitamins,39,8
2024-02-22,2024,2,3,22,8,Dry,Ferrous Sulfate,Vitamins,58,8
2024-02-27,2024,2,1,27,9,Dry,Ferrous Sulfate,Vitamins,44,8
2024-03-09,2024,3,5,9,10,Dry,Ferrous Sulfate,Vitamins,54,8
2024-03-16,2024,3,5,16,11,Dry,Ferrous Sulfate,Vitamins,50,8
2024-03-25,2024,3,0,25,13,Dry,Ferrous Sulfate,Vitamins,57,8
2024-04-02,2024,4,1,2,14,Dry,Ferrous Sulfate,Vitamins,46,8
2024-04-07,2024,4,6,7,14,Dry,Ferrous Sulfate,Vitamins,35,8
2024-04-16,2024,4,1,16,16,Dry,Ferrous Sulfate,Vitamins,55,8
2024-04-23,2024,4,1,23,17,Dry,Ferrous Sulfate,Vitamins,49,8
2024-04-30,2024,4,1,30,18,Dry,Ferrous Sulfate,Vitamins,55,8
2024-05-06,2024,5,0,6,19,Dry,Ferrous Sulfate,Vitamins,54,8
2024-05-17,2024,5,4,17,20,Dry,Ferrous Sulfate,Vitamins,55,8
2024-05-27,2024,5,0,27,22,Dry,Ferrous Sulfate,Vitamins,59,8
2024-06-04,2024,6,1,4,23,Wet,Ferrous Sulfate,Vitamins,46,8
2024-06-10,2024,6,0,10,24,Wet,Ferrous Sulfate,Vitamins,56,8
2024-06-16,2024,6,6,16,24,Wet,Ferrous Sulfate,Vitamins,49,8
2024-06-25,2024,6,1,25,26,Wet,Ferrous Sulfate,Vitamins,76,8
2024-07-05,2024,7,4,5,27,Wet,Ferrous Sulfate,Vitamins,55,8
2024-07-12,2024,7,4,12,28,Wet,Ferrous Sulfate,Vitamins,54,8
2024-07-21,2024,7,6,21,29,Wet,Ferrous Sulfate,Vitamins,44,8
2024-07-31,2024,7,2,31,31,Wet,Ferrous Sulfate,Vitamins,41,8
2024-08-05,2024,8,0,5,32,Wet,Ferrous Sulfate,Vitamins,55,8
2024-08-11,2024,8,6,11,32,Wet,Ferrous Sulfate,Vitamins,56,8
2024-08-21,2024,8,2,21,34,Wet,Ferrous Sulfate,Vitamins,43,8
2024-08-27,2024,8,1,27,35,Wet,Ferrous Sulfate,Vitamins,51,8
2024-09-01,2024,9,6,1,35,Wet,Ferrous Sulfate,Vitamins,61,8
2024-09-08,2024,9,6,8,36,Wet,Ferrous Sulfate,Vitamins,61,8
2024-09-13,2024,9,4,13,37,Wet,Ferrous Sulfate,Vitamins,53,8
2024-09-19,2024,9,3,19,38,Wet,Ferrous Sulfate,Vitamins,61,8
2024-09-24,2024,9,1,24,39,Wet,Ferrous Sulfate,Vitamins,52,8
2024-10-01,2024,10,1,1,40,Wet,Ferrous Sulfate,Vitamins,71,8
2024-10-09,2024,10,2,9,41,Wet,Ferrous Sulfate,Vitamins,51,8
2024-10-14,2024,10,0,14,42,Wet,Ferrous Sulfate,Vitamins,55,8
2024-10-23,2024,10,2,23,43,Wet,Ferrous Sulfate,Vitamins,55,8
2024-10-30,2024,10,2,30,44,Wet,Ferrous Sulfate,Vitamins,47,8
2024-11-10,2024,11,6,10,45,Wet,Ferrous Sulfate,Vitamins,56,8
2024-11-17,2024,11,6,17,46,Wet,Ferrous Sulfate,Vitamins,46,8
2024-11-28,2024,11,3,28,48,Wet,Ferrous Sulfate,Vitamins,55,8
2024-12-08,2024,12,6,8,49,Dry,Ferrous Sulfate,Vitamins,53,8
2024-12-19,2024,12,3,19,51,Dry,Ferrous Sulfate,Vitamins,46,8
2024-12-26,2024,12,3,26,52,Dry,Ferrous Sulfate,Vitamins,39,8
2025-01-06,2025,1,0,6,2,Dry,Ferrous Sulfate,Vitamins,46,8
2025-01-15,2025,1,2,15,3,Dry,Ferrous Sulfate,Vitamins,37,8
2025-01-25,2025,1,5,25,4,Dry,Ferrous Sulfate,Vitamins,54,8
2025-01-31,2025,1,4,31,5,Dry,Ferrous Sulfate,Vitamins,49,8
2025-02-08,2025,2,5,8,6,Dry,Ferrous Sulfate,Vitamins,59,8
2025-02-16,2025,2,6,16,7,Dry,Ferrous Sulfate,Vitamins,44,8
2025-02-26,2025,2,2,26,9,Dry,Ferrous Sulfate,Vitamins,48,8
2025-03-09,2025,3,6,9,10,Dry,Ferrous Sulfate,Vitamins,57,8
2025-03-16,2025,3,6,16,11,Dry,Ferrous Sulfate,Vitamins,59,8
2025-03-24,2025,3,0,24,13,Dry,Ferrous Sulfate,Vitamins,55,8
2025-03-29,2025,3,5,29,13,Dry,Ferrous Sulfate,Vitamins,55,8
2025-04-09,2025,4,2,9,15,Dry,Ferrous Sulfate,Vitamins,51,8
2025-04-14,2025,4,0,14,16,Dry,Ferrous Sulfate,Vitamins,37,8
2025-04-20,2025,4,6,20,16,Dry,Ferrous Sulfate,Vitamins,57,8
2025-04-26,2025,4,5,26,17,Dry,Ferrous Sulfate,Vitamins,49,8
2025-05-05,2025,5,0,5,19,Dry,Ferrous Sulfate,Vitamins,48,8
2025-05-12,2025,5,0,12,20,Dry,Ferrous Sulfate,Vitamins,62,8
2025-05-18,2025,5,6,18,20,Dry,Ferrous Sulfate,Vitamins,63,8
2025-05-26,2025,5,0,26,22,Dry,Ferrous Sulfate,Vitamins,53,8
2025-06-02,2025,6,0,2,23,Wet,Ferrous Sulfate,Vitamins,60,8
2025-06-13,2025,6,4,13,24,Wet,Ferrous Sulfate,Vitamins,48,8
2025-06-18,2025,6,2,18,25,Wet,Ferrous Sulfate,Vitamins,61,8
2025-06-27,2025,6,4,27,26,Wet,Ferrous Sulfate,Vitamins,64,8
2025-07-07,2025,7,0,7,28,Wet,Ferrous Sulfate,Vitamins,51,8
2025-07-17,2025,7,3,17,29,Wet,Ferrous Sulfate,Vitamins,38,8
2025-07-24,2025,7,3,24,30,Wet,Ferrous Sulfate,Vitamins,51,8
2025-08-01,2025,8,4,1,31,Wet,Ferrous Sulfate,Vitamins,58,8
2025-08-07,2025,8,3,7,32,Wet,Ferrous Sulfate,Vitamins,46,8
2025-08-18,2025,8,0,18,34,Wet,Ferrous Sulfate,Vitamins,53,8
2025-08-28,2025,8,3,28,35,Wet,Ferrous Sulfate,Vitamins,68,8
2025-09-08,2025,9,0,8,37,Wet,Ferrous Sulfate,Vitamins,45,8
2025-09-19,2025,9,4,19,38,Wet,Ferrous Sulfate,Vitamins,49,8
2025-09-26,2025,9,4,26,39,Wet,Ferrous Sulfate,Vitamins,61,8
2025-10-07,2025,10,1,7,41,Wet,Ferrous Sulfate,Vitamins,60,8
2025-10-17,2025,10,4,17,42,Wet,Ferrous Sulfate,Vitamins,49,8
2025-10-22,2025,10,2,22,43,Wet,Ferrous Sulfate,Vitamins,60,8
2025-10-31,2025,10,4,31,44,Wet,Ferrous Sulfate,Vitamins,53,8
2025-11-09,2025,11,6,9,45,Wet,Ferrous Sulfate,Vitamins,65,8
2025-11-17,2025,11,0,17,47,Wet,Ferrous Sulfate,Vitamins,53,8
2025-11-23,2025,11,6,23,47,Wet,Ferrous Sulfate,Vitamins,51,8
2025-12-02,2025,12,1,2,49,Dry,Ferrous Sulfate,Vitamins,58,8
2025-12-12,2025,12,4,12,50,Dry,Ferrous Sulfate,Vitamins,42,8
2025-12-21,2025,12,6,21,51,Dry,Ferrous Sulfate,Vitamins,53,8
2025-12-27,2025,12,5,27,52,Dry,Ferrous Sulfate,Vitamins,58,8
2026-01-05,2026,1,0,5,2,Dry,Ferrous Sulfate,Vitamins,48,8
2026-01-10,2026,1,5,10,2,Dry,Ferrous Sulfate,Vitamins,55,8
2026-01-16,2026,1,4,16,3,Dry,Ferrous Sulfate,Vitamins,56,8
2026-01-21,2026,1,2,21,4,Dry,Ferrous Sulfate,Vitamins,55,8
2026-01-27,2026,1,1,27,5,Dry,Ferrous Sulfate,Vitamins,46,8
2026-02-02,2026,2,0,2,6,Dry,Ferrous Sulfate,Vitamins,49,8
2026-02-12,2026,2,3,12,7,Dry,Ferrous Sulfate,Vitamins,55,8
2026-02-17,2026,2,1,17,8,Dry,Ferrous Sulfate,Vitamins,41,8
2026-02-23,2026,2,0,23,9,Dry,Ferrous Sulfate,Vitamins,59,8
2026-03-01,2026,3,6,1,9,Dry,Ferrous Sulfate,Vitamins,48,8
2026-03-06,2026,3,4,6,10,Dry,Ferrous Sulfate,Vitamins,55,8
2026-03-11,2026,3,2,11,11,Dry,Ferrous Sulfate,Vitamins,49,8
2026-03-16,2026,3,0,16,12,Dry,Ferrous Sulfate,Vitamins,64,8
2026-03-24,2026,3,1,24,13,Dry,Ferrous Sulfate,Vitamins,61,8
2026-04-02,2026,4,3,2,14,Dry,Ferrous Sulfate,Vitamins,58,8
2026-04-09,2026,4,3,9,15,Dry,Ferrous Sulfate,Vitamins,37,8
2026-04-14,2026,4,1,14,16,Dry,Ferrous Sulfate,Vitamins,44,8
2026-04-23,2026,4,3,23,17,Dry,Ferrous Sulfate,Vitamins,44,8
2026-05-02,2026,5,5,2,18,Dry,Ferrous Sulfate,Vitamins,57,8
2026-05-07,2026,5,3,7,19,Dry,Ferrous Sulfate,Vitamins,59,8
2026-05-15,2026,5,4,15,20,Dry,Ferrous Sulfate,Vitamins,56,8
2026-05-25,2026,5,0,25,22,Dry,Ferrous Sulfate,Vitamins,50,8
2026-06-05,2026,6,4,5,23,Wet,Ferrous Sulfate,Vitamins,51,8
2026-06-11,2026,6,3,11,24,Wet,Ferrous Sulfate,Vitamins,73,8
2026-06-19,2026,6,4,19,25,Wet,Ferrous Sulfate,Vitamins,46,8
2026-06-25,2026,6,3,25,26,Wet,Ferrous Sulfate,Vitamins,44,8
2026-07-03,2026,7,4,3,27,Wet,Ferrous Sulfate,Vitamins,59,8
2026-07-10,2026,7,4,10,28,Wet,Ferrous Sulfate,Vitamins,66,8
2026-07-15,2026,7,2,15,29,Wet,Ferrous Sulfate,Vitamins,50,8
2026-07-26,2026,7,6,26,30,Wet,Ferrous Sulfate,Vitamins,59,8
2026-08-02,2026,8,6,2,31,Wet,Ferrous Sulfate,Vitamins,71,8
2026-08-09,2026,8,6,9,32,Wet,Ferrous Sulfate,Vitamins,48,8
2026-08-15,2026,8,5,15,33,Wet,Ferrous Sulfate,Vitamins,49,8
2021-08-19,2021,8,3,19,33,Wet,ORS (Oral Rehydration Salts),Rehydration,84,7
2021-08-26,2021,8,3,26,34,Wet,ORS (Oral Rehydration Salts),Rehydration,63,7
2021-09-05,2021,9,6,5,35,Wet,ORS (Oral Rehydration Salts),Rehydration,84,7
2021-09-15,2021,9,2,15,37,Wet,ORS (Oral Rehydration Salts),Rehydration,73,7
2021-09-20,2021,9,0,20,38,Wet,ORS (Oral Rehydration Salts),Rehydration,66,7
2021-09-27,2021,9,0,27,39,Wet,ORS (Oral Rehydration Salts),Rehydration,69,7
2021-10-06,2021,10,2,6,40,Wet,ORS (Oral Rehydration Salts),Rehydration,68,7
2021-10-16,2021,10,5,16,41,Wet,ORS (Oral Rehydration Salts),Rehydration,62,7
2021-10-26,2021,10,1,26,43,Wet,ORS (Oral Rehydration Salts),Rehydration,59,7
2021-11-01,2021,11,0,1,44,Wet,ORS (Oral Rehydration Salts),Rehydration,85,7
2021-11-11,2021,11,3,11,45,Wet,ORS (Oral Rehydration Salts),Rehydration,79,7
2021-11-20,2021,11,5,20,46,Wet,ORS (Oral Rehydration Salts),Rehydration,59,7
2021-11-26,2021,11,4,26,47,Wet,ORS (Oral Rehydration Salts),Rehydration,83,7
2021-12-01,2021,12,2,1,48,Dry,ORS (Oral Rehydration Salts),Rehydration,71,7
2021-12-07,2021,12,1,7,49,Dry,ORS (Oral Rehydration Salts),Rehydration,76,7
2021-12-15,2021,12,2,15,50,Dry,ORS (Oral Rehydration Salts),Rehydration,90,7
2021-12-24,2021,12,4,24,51,Dry,ORS (Oral Rehydration Salts),Rehydration,78,7
2022-01-03,2022,1,0,3,1,Dry,ORS (Oral Rehydration Salts),Rehydration,63,7
2022-01-10,2022,1,0,10,2,Dry,ORS (Oral Rehydration Salts),Rehydration,61,7
2022-01-19,2022,1,2,19,3,Dry,ORS (Oral Rehydration Salts),Rehydration,69,7
2022-01-25,2022,1,1,25,4,Dry,ORS (Oral Rehydration Salts),Rehydration,78,7
2022-02-04,2022,2,4,4,5,Dry,ORS (Oral Rehydration Salts),Rehydration,67,7
2022-02-08,2022,2,1,8,6,Dry,ORS (Oral Rehydration Salts),Rehydration,87,7
2022-02-13,2022,2,6,13,6,Dry,ORS (Oral Rehydration Salts),Rehydration,70,7
2022-02-17,2022,2,3,17,7,Dry,ORS (Oral Rehydration Salts),Rehydration,64,7
2022-02-27,2022,2,6,27,8,Dry,ORS (Oral Rehydration Salts),Rehydration,85,7
2022-03-07,2022,3,0,7,10,Dry,ORS (Oral Rehydration Salts),Rehydration,85,7
2022-03-15,2022,3,1,15,11,Dry,ORS (Oral Rehydration Salts),Rehydration,91,7
2022-03-23,2022,3,2,23,12,Dry,ORS (Oral Rehydration Salts),Rehydration,94,7
2022-04-02,2022,4,5,2,13,Dry,ORS (Oral Rehydration Salts),Rehydration,93,7
2022-04-12,2022,4,1,12,15,Dry,ORS (Oral Rehydration Salts),Rehydration,99,7
2022-04-17,2022,4,6,17,15,Dry,ORS (Oral Rehydration Salts),Rehydration,87,7
2022-04-26,2022,4,1,26,17,Dry,ORS (Oral Rehydration Salts),Rehydration,100,7
2022-04-30,2022,4,5,30,17,Dry,ORS (Oral Rehydration Salts),Rehydration,74,7
2022-05-04,2022,5,2,4,18,Dry,ORS (Oral Rehydration Salts),Rehydration,91,7
2022-05-09,2022,5,0,9,19,Dry,ORS (Oral Rehydration Salts),Rehydration,75,7
2022-05-13,2022,5,4,13,19,Dry,ORS (Oral Rehydration Salts),Rehydration,87,7
2022-05-23,2022,5,0,23,21,Dry,ORS (Oral Rehydration Salts),Rehydration,93,7
2022-06-02,2022,6,3,2,22,Wet,ORS (Oral Rehydration Salts),Rehydration,80,7
2022-06-06,2022,6,0,6,23,Wet,ORS (Oral Rehydration Salts),Rehydration,85,7
2022-06-11,2022,6,5,11,23,Wet,ORS (Oral Rehydration Salts),Rehydration,60,7
2022-06-20,2022,6,0,20,25,Wet,ORS (Oral Rehydration Salts),Rehydration,84,7
2022-06-25,2022,6,5,25,25,Wet,ORS (Oral Rehydration Salts),Rehydration,66,7
2022-07-02,2022,7,5,2,26,Wet,ORS (Oral Rehydration Salts),Rehydration,83,7
2022-07-06,2022,7,2,6,27,Wet,ORS (Oral Rehydration Salts),Rehydration,93,7
2022-07-16,2022,7,5,16,28,Wet,ORS (Oral Rehydration Salts),Rehydration,64,7
2022-07-20,2022,7,2,20,29,Wet,ORS (Oral Rehydration Salts),Rehydration,68,7
2022-07-29,2022,7,4,29,30,Wet,ORS (Oral Rehydration Salts),Rehydration,72,7
2022-08-07,2022,8,6,7,31,Wet,ORS (Oral Rehydration Salts),Rehydration,73,7
2022-08-12,2022,8,4,12,32,Wet,ORS (Oral Rehydration Salts),Rehydration,83,7
2022-08-17,2022,8,2,17,33,Wet,ORS (Oral Rehydration Salts),Rehydration,68,7
2022-08-26,2022,8,4,26,34,Wet,ORS (Oral Rehydration Salts),Rehydration,78,7
2022-09-04,2022,9,6,4,35,Wet,ORS (Oral Rehydration Salts),Rehydration,79,7
2022-09-08,2022,9,3,8,36,Wet,ORS (Oral Rehydration Salts),Rehydration,65,7
2022-09-16,2022,9,4,16,37,Wet,ORS (Oral Rehydration Salts),Rehydration,61,7
2022-09-20,2022,9,1,20,38,Wet,ORS (Oral Rehydration Salts),Rehydration,66,7
2022-09-27,2022,9,1,27,39,Wet,ORS (Oral Rehydration Salts),Rehydration,72,7
2022-10-02,2022,10,6,2,39,Wet,ORS (Oral Rehydration Salts),Rehydration,73,7
2022-10-07,2022,10,4,7,40,Wet,ORS (Oral Rehydration Salts),Rehydration,73,7
2022-10-13,2022,10,3,13,41,Wet,ORS (Oral Rehydration Salts),Rehydration,85,7
2022-10-23,2022,10,6,23,42,Wet,ORS (Oral Rehydration Salts),Rehydration,73,7
2022-10-31,2022,10,0,31,44,Wet,ORS (Oral Rehydration Salts),Rehydration,71,7
2022-11-10,2022,11,3,10,45,Wet,ORS (Oral Rehydration Salts),Rehydration,76,7
2022-11-15,2022,11,1,15,46,Wet,ORS (Oral Rehydration Salts),Rehydration,68,7
2022-11-24,2022,11,3,24,47,Wet,ORS (Oral Rehydration Salts),Rehydration,77,7
2022-11-28,2022,11,0,28,48,Wet,ORS (Oral Rehydration Salts),Rehydration,63,7
2022-12-07,2022,12,2,7,49,Dry,ORS (Oral Rehydration Salts),Rehydration,81,7
2022-12-11,2022,12,6,11,49,Dry,ORS (Oral Rehydration Salts),Rehydration,51,7
2022-12-21,2022,12,2,21,51,Dry,ORS (Oral Rehydration Salts),Rehydration,79,7
2022-12-31,2022,12,5,31,52,Dry,ORS (Oral Rehydration Salts),Rehydration,70,7
2023-01-08,2023,1,6,8,1,Dry,ORS (Oral Rehydration Salts),Rehydration,73,7
2023-01-18,2023,1,2,18,3,Dry,ORS (Oral Rehydration Salts),Rehydration,76,7
2023-01-26,2023,1,3,26,4,Dry,ORS (Oral Rehydration Salts),Rehydration,69,7
2023-02-05,2023,2,6,5,5,Dry,ORS (Oral Rehydration Salts),Rehydration,77,7
2023-02-09,2023,2,3,9,6,Dry,ORS (Oral Rehydration Salts),Rehydration,76,7
2023-02-19,2023,2,6,19,7,Dry,ORS (Oral Rehydration Salts),Rehydration,82,7
2023-02-26,2023,2,6,26,8,Dry,ORS (Oral Rehydration Salts),Rehydration,77,7
2023-03-08,2023,3,2,8,10,Dry,ORS (Oral Rehydration Salts),Rehydration,98,7
2023-03-12,2023,3,6,12,10,Dry,ORS (Oral Rehydration Salts),Rehydration,78,7
2023-03-16,2023,3,3,16,11,Dry,ORS (Oral Rehydration Salts),Rehydration,92,7
2023-03-22,2023,3,2,22,12,Dry,ORS (Oral Rehydration Salts),Rehydration,95,7
2023-03-31,2023,3,4,31,13,Dry,ORS (Oral Rehydration Salts),Rehydration,71,7
2023-04-04,2023,4,1,4,14,Dry,ORS (Oral Rehydration Salts),Rehydration,71,7
2023-04-12,2023,4,2,12,15,Dry,ORS (Oral Rehydration Salts),Rehydration,95,7
2023-04-19,2023,4,2,19,16,Dry,ORS (Oral Rehydration Salts),Rehydration,115,7
2023-04-25,2023,4,1,25,17,Dry,ORS (Oral Rehydration Salts),Rehydration,78,7
2023-04-29,2023,4,5,29,17,Dry,ORS (Oral Rehydration Salts),Rehydration,86,7
2023-05-03,2023,5,2,3,18,Dry,ORS (Oral Rehydration Salts),Rehydration,102,7
2023-05-10,2023,5,2,10,19,Dry,ORS (Oral Rehydration Salts),Rehydration,69,7
2023-05-16,2023,5,1,16,20,Dry,ORS (Oral Rehydration Salts),Rehydration,76,7
2023-05-20,2023,5,5,20,20,Dry,ORS (Oral Rehydration Salts),Rehydration,85,7
2023-05-24,2023,5,2,24,21,Dry,ORS (Oral Rehydration Salts),Rehydration,81,7
2023-05-28,2023,5,6,28,21,Dry,ORS (Oral Rehydration Salts),Rehydration,99,7
2023-06-05,2023,6,0,5,23,Wet,ORS (Oral Rehydration Salts),Rehydration,80,7
2023-06-09,2023,6,4,9,23,Wet,ORS (Oral Rehydration Salts),Rehydration,71,7
2023-06-14,2023,6,2,14,24,Wet,ORS (Oral Rehydration Salts),Rehydration,75,7
2023-06-23,2023,6,4,23,25,Wet,ORS (Oral Rehydration Salts),Rehydration,77,7
2023-06-27,2023,6,1,27,26,Wet,ORS (Oral Rehydration Salts),Rehydration,66,7
2023-07-06,2023,7,3,6,27,Wet,ORS (Oral Rehydration Salts),Rehydration,68,7
2023-07-14,2023,7,4,14,28,Wet,ORS (Oral Rehydration Salts),Rehydration,70,7
2023-07-21,2023,7,4,21,29,Wet,ORS (Oral Rehydration Salts),Rehydration,71,7
2023-07-28,2023,7,4,28,30,Wet,ORS (Oral Rehydration Salts),Rehydration,76,7
2023-08-04,2023,8,4,4,31,Wet,ORS (Oral Rehydration Salts),Rehydration,62,7
2023-08-11,2023,8,4,11,32,Wet,ORS (Oral Rehydration Salts),Rehydration,55,7
2023-08-21,2023,8,0,21,34,Wet,ORS (Oral Rehydration Salts),Rehydration,66,7
2023-08-30,2023,8,2,30,35,Wet,ORS (Oral Rehydration Salts),Rehydration,62,7
2023-09-06,2023,9,2,6,36,Wet,ORS (Oral Rehydration Salts),Rehydration,79,7
2023-09-13,2023,9,2,13,37,Wet,ORS (Oral Rehydration Salts),Rehydration,78,7
2023-09-22,2023,9,4,22,38,Wet,ORS (Oral Rehydration Salts),Rehydration,75,7
2023-09-30,2023,9,5,30,39,Wet,ORS (Oral Rehydration Salts),Rehydration,74,7
2023-10-07,2023,10,5,7,40,Wet,ORS (Oral Rehydration Salts),Rehydration,61,7
2023-10-13,2023,10,4,13,41,Wet,ORS (Oral Rehydration Salts),Rehydration,76,7
2023-10-23,2023,10,0,23,43,Wet,ORS (Oral Rehydration Salts),Rehydration,75,7
2023-10-30,2023,10,0,30,44,Wet,ORS (Oral Rehydration Salts),Rehydration,84,7
2023-11-09,2023,11,3,9,45,Wet,ORS (Oral Rehydration Salts),Rehydration,83,7
2023-11-15,2023,11,2,15,46,Wet,ORS (Oral Rehydration Salts),Rehydration,64,7
2023-11-23,2023,11,3,23,47,Wet,ORS (Oral Rehydration Salts),Rehydration,61,7
2023-12-02,2023,12,5,2,48,Dry,ORS (Oral Rehydration Salts),Rehydration,65,7
2023-12-10,2023,12,6,10,49,Dry,ORS (Oral Rehydration Salts),Rehydration,83,7
2023-12-15,2023,12,4,15,50,Dry,ORS (Oral Rehydration Salts),Rehydration,77,7
2023-12-24,2023,12,6,24,51,Dry,ORS (Oral Rehydration Salts),Rehydration,67,7
2024-01-02,2024,1,1,2,1,Dry,ORS (Oral Rehydration Salts),Rehydration,74,7
2024-01-06,2024,1,5,6,1,Dry,ORS (Oral Rehydration Salts),Rehydration,82,7
2024-01-12,2024,1,4,12,2,Dry,ORS (Oral Rehydration Salts),Rehydration,68,7
2024-01-19,2024,1,4,19,3,Dry,ORS (Oral Rehydration Salts),Rehydration,55,7
2024-01-24,2024,1,2,24,4,Dry,ORS (Oral Rehydration Salts),Rehydration,70,7
2024-01-31,2024,1,2,31,5,Dry,ORS (Oral Rehydration Salts),Rehydration,75,7
2024-02-07,2024,2,2,7,6,Dry,ORS (Oral Rehydration Salts),Rehydration,80,7
2024-02-15,2024,2,3,15,7,Dry,ORS (Oral Rehydration Salts),Rehydration,77,7
2024-02-25,2024,2,6,25,8,Dry,ORS (Oral Rehydration Salts),Rehydration,67,7
2024-03-01,2024,3,4,1,9,Dry,ORS (Oral Rehydration Salts),Rehydration,80,7
2024-03-08,2024,3,4,8,10,Dry,ORS (Oral Rehydration Salts),Rehydration,76,7
2024-03-16,2024,3,5,16,11,Dry,ORS (Oral Rehydration Salts),Rehydration,96,7
2024-03-21,2024,3,3,21,12,Dry,ORS (Oral Rehydration Salts),Rehydration,94,7
2024-03-31,2024,3,6,31,13,Dry,ORS (Oral Rehydration Salts),Rehydration,68,7
2024-04-06,2024,4,5,6,14,Dry,ORS (Oral Rehydration Salts),Rehydration,86,7
2024-04-12,2024,4,4,12,15,Dry,ORS (Oral Rehydration Salts),Rehydration,95,7
2024-04-17,2024,4,2,17,16,Dry,ORS (Oral Rehydration Salts),Rehydration,83,7
2024-04-22,2024,4,0,22,17,Dry,ORS (Oral Rehydration Salts),Rehydration,86,7
2024-05-02,2024,5,3,2,18,Dry,ORS (Oral Rehydration Salts),Rehydration,75,7
2024-05-07,2024,5,1,7,19,Dry,ORS (Oral Rehydration Salts),Rehydration,76,7
2024-05-15,2024,5,2,15,20,Dry,ORS (Oral Rehydration Salts),Rehydration,88,7
2024-05-22,2024,5,2,22,21,Dry,ORS (Oral Rehydration Salts),Rehydration,82,7
2024-05-30,2024,5,3,30,22,Dry,ORS (Oral Rehydration Salts),Rehydration,94,7
2024-06-05,2024,6,2,5,23,Wet,ORS (Oral Rehydration Salts),Rehydration,65,7
2024-06-09,2024,6,6,9,23,Wet,ORS (Oral Rehydration Salts),Rehydration,60,7
2024-06-13,2024,6,3,13,24,Wet,ORS (Oral Rehydration Salts),Rehydration,73,7
2024-06-21,2024,6,4,21,25,Wet,ORS (Oral Rehydration Salts),Rehydration,64,7
2024-06-27,2024,6,3,27,26,Wet,ORS (Oral Rehydration Salts),Rehydration,69,7
2024-07-03,2024,7,2,3,27,Wet,ORS (Oral Rehydration Salts),Rehydration,60,7
2024-07-08,2024,7,0,8,28,Wet,ORS (Oral Rehydration Salts),Rehydration,70,7
2024-07-13,2024,7,5,13,28,Wet,ORS (Oral Rehydration Salts),Rehydration,83,7
2024-07-23,2024,7,1,23,30,Wet,ORS (Oral Rehydration Salts),Rehydration,75,7
2024-08-02,2024,8,4,2,31,Wet,ORS (Oral Rehydration Salts),Rehydration,85,7
2024-08-07,2024,8,2,7,32,Wet,ORS (Oral Rehydration Salts),Rehydration,79,7
2024-08-16,2024,8,4,16,33,Wet,ORS (Oral Rehydration Salts),Rehydration,68,7
2024-08-26,2024,8,0,26,35,Wet,ORS (Oral Rehydration Salts),Rehydration,78,7
2024-09-01,2024,9,6,1,35,Wet,ORS (Oral Rehydration Salts),Rehydration,68,7
2024-09-09,2024,9,0,9,37,Wet,ORS (Oral Rehydration Salts),Rehydration,70,7
2024-09-16,2024,9,0,16,38,Wet,ORS (Oral Rehydration Salts),Rehydration,76,7
2024-09-24,2024,9,1,24,39,Wet,ORS (Oral Rehydration Salts),Rehydration,72,7
2024-09-28,2024,9,5,28,39,Wet,ORS (Oral Rehydration Salts),Rehydration,62,7
2024-10-06,2024,10,6,6,40,Wet,ORS (Oral Rehydration Salts),Rehydration,82,7
2024-10-13,2024,10,6,13,41,Wet,ORS (Oral Rehydration Salts),Rehydration,72,7
2024-10-17,2024,10,3,17,42,Wet,ORS (Oral Rehydration Salts),Rehydration,59,7
2024-10-26,2024,10,5,26,43,Wet,ORS (Oral Rehydration Salts),Rehydration,77,7
2024-11-01,2024,11,4,1,44,Wet,ORS (Oral Rehydration Salts),Rehydration,78,7
2024-11-06,2024,11,2,6,45,Wet,ORS (Oral Rehydration Salts),Rehydration,71,7
2024-11-16,2024,11,5,16,46,Wet,ORS (Oral Rehydration Salts),Rehydration,78,7
2024-11-22,2024,11,4,22,47,Wet,ORS (Oral Rehydration Salts),Rehydration,65,7
2024-12-01,2024,12,6,1,48,Dry,ORS (Oral Rehydration Salts),Rehydration,68,7
2024-12-10,2024,12,1,10,50,Dry,ORS (Oral Rehydration Salts),Rehydration,68,7
2024-12-17,2024,12,1,17,51,Dry,ORS (Oral Rehydration Salts),Rehydration,88,7
2024-12-24,2024,12,1,24,52,Dry,ORS (Oral Rehydration Salts),Rehydration,82,7
2025-01-01,2025,1,2,1,1,Dry,ORS (Oral Rehydration Salts),Rehydration,83,7
2025-01-10,2025,1,4,10,2,Dry,ORS (Oral Rehydration Salts),Rehydration,66,7
2025-01-14,2025,1,1,14,3,Dry,ORS (Oral Rehydration Salts),Rehydration,76,7
2025-01-24,2025,1,4,24,4,Dry,ORS (Oral Rehydration Salts),Rehydration,72,7
2025-01-29,2025,1,2,29,5,Dry,ORS (Oral Rehydration Salts),Rehydration,88,7
2025-02-03,2025,2,0,3,6,Dry,ORS (Oral Rehydration Salts),Rehydration,73,7
2025-02-08,2025,2,5,8,6,Dry,ORS (Oral Rehydration Salts),Rehydration,84,7
2025-02-17,2025,2,0,17,8,Dry,ORS (Oral Rehydration Salts),Rehydration,63,7
2025-02-26,2025,2,2,26,9,Dry,ORS (Oral Rehydration Salts),Rehydration,81,7
2025-03-04,2025,3,1,4,10,Dry,ORS (Oral Rehydration Salts),Rehydration,88,7
2025-03-14,2025,3,4,14,11,Dry,ORS (Oral Rehydration Salts),Rehydration,95,7
2025-03-18,2025,3,1,18,12,Dry,ORS (Oral Rehydration Salts),Rehydration,93,7
2025-03-25,2025,3,1,25,13,Dry,ORS (Oral Rehydration Salts),Rehydration,82,7
2025-04-01,2025,4,1,1,14,Dry,ORS (Oral Rehydration Salts),Rehydration,104,7
2025-04-11,2025,4,4,11,15,Dry,ORS (Oral Rehydration Salts),Rehydration,96,7
2025-04-19,2025,4,5,19,16,Dry,ORS (Oral Rehydration Salts),Rehydration,95,7
2025-04-26,2025,4,5,26,17,Dry,ORS (Oral Rehydration Salts),Rehydration,73,7
2025-05-01,2025,5,3,1,18,Dry,ORS (Oral Rehydration Salts),Rehydration,94,7
2025-05-10,2025,5,5,10,19,Dry,ORS (Oral Rehydration Salts),Rehydration,84,7
2025-05-14,2025,5,2,14,20,Dry,ORS (Oral Rehydration Salts),Rehydration,72,7
2025-05-22,2025,5,3,22,21,Dry,ORS (Oral Rehydration Salts),Rehydration,85,7
2025-05-27,2025,5,1,27,22,Dry,ORS (Oral Rehydration Salts),Rehydration,101,7
2025-06-01,2025,6,6,1,22,Wet,ORS (Oral Rehydration Salts),Rehydration,73,7
2025-06-11,2025,6,2,11,24,Wet,ORS (Oral Rehydration Salts),Rehydration,69,7
2025-06-21,2025,6,5,21,25,Wet,ORS (Oral Rehydration Salts),Rehydration,54,7
2025-06-25,2025,6,2,25,26,Wet,ORS (Oral Rehydration Salts),Rehydration,95,7
2025-06-30,2025,6,0,30,27,Wet,ORS (Oral Rehydration Salts),Rehydration,69,7
2025-07-06,2025,7,6,6,27,Wet,ORS (Oral Rehydration Salts),Rehydration,55,7
2025-07-10,2025,7,3,10,28,Wet,ORS (Oral Rehydration Salts),Rehydration,72,7
2025-07-18,2025,7,4,18,29,Wet,ORS (Oral Rehydration Salts),Rehydration,73,7
2025-07-25,2025,7,4,25,30,Wet,ORS (Oral Rehydration Salts),Rehydration,61,7
2025-08-04,2025,8,0,4,32,Wet,ORS (Oral Rehydration Salts),Rehydration,79,7
2025-08-12,2025,8,1,12,33,Wet,ORS (Oral Rehydration Salts),Rehydration,75,7
2025-08-16,2025,8,5,16,33,Wet,ORS (Oral Rehydration Salts),Rehydration,76,7
2025-08-26,2025,8,1,26,35,Wet,ORS (Oral Rehydration Salts),Rehydration,75,7
2025-09-01,2025,9,0,1,36,Wet,ORS (Oral Rehydration Salts),Rehydration,74,7
2025-09-11,2025,9,3,11,37,Wet,ORS (Oral Rehydration Salts),Rehydration,74,7
2025-09-17,2025,9,2,17,38,Wet,ORS (Oral Rehydration Salts),Rehydration,68,7
2025-09-21,2025,9,6,21,38,Wet,ORS (Oral Rehydration Salts),Rehydration,85,7
2025-09-28,2025,9,6,28,39,Wet,ORS (Oral Rehydration Salts),Rehydration,73,7
2025-10-02,2025,10,3,2,40,Wet,ORS (Oral Rehydration Salts),Rehydration,67,7
2025-10-10,2025,10,4,10,41,Wet,ORS (Oral Rehydration Salts),Rehydration,76,7
2025-10-16,2025,10,3,16,42,Wet,ORS (Oral Rehydration Salts),Rehydration,64,7
2025-10-26,2025,10,6,26,43,Wet,ORS (Oral Rehydration Salts),Rehydration,74,7
2025-11-03,2025,11,0,3,45,Wet,ORS (Oral Rehydration Salts),Rehydration,82,7
2025-11-07,2025,11,4,7,45,Wet,ORS (Oral Rehydration Salts),Rehydration,80,7
2025-11-13,2025,11,3,13,46,Wet,ORS (Oral Rehydration Salts),Rehydration,73,7
2025-11-22,2025,11,5,22,47,Wet,ORS (Oral Rehydration Salts),Rehydration,58,7
2025-11-28,2025,11,4,28,48,Wet,ORS (Oral Rehydration Salts),Rehydration,62,7
2025-12-05,2025,12,4,5,49,Dry,ORS (Oral Rehydration Salts),Rehydration,72,7
2025-12-10,2025,12,2,10,50,Dry,ORS (Oral Rehydration Salts),Rehydration,70,7
2025-12-19,2025,12,4,19,51,Dry,ORS (Oral Rehydration Salts),Rehydration,67,7
2025-12-23,2025,12,1,23,52,Dry,ORS (Oral Rehydration Salts),Rehydration,95,7
2025-12-30,2025,12,1,30,1,Dry,ORS (Oral Rehydration Salts),Rehydration,78,7
2026-01-03,2026,1,5,3,1,Dry,ORS (Oral Rehydration Salts),Rehydration,86,7
2026-01-12,2026,1,0,12,3,Dry,ORS (Oral Rehydration Salts),Rehydration,78,7
2026-01-19,2026,1,0,19,4,Dry,ORS (Oral Rehydration Salts),Rehydration,66,7
2026-01-29,2026,1,3,29,5,Dry,ORS (Oral Rehydration Salts),Rehydration,70,7
2026-02-02,2026,2,0,2,6,Dry,ORS (Oral Rehydration Salts),Rehydration,79,7
2026-02-09,2026,2,0,9,7,Dry,ORS (Oral Rehydration Salts),Rehydration,72,7
2026-02-14,2026,2,5,14,7,Dry,ORS (Oral Rehydration Salts),Rehydration,81,7
2026-02-18,2026,2,2,18,8,Dry,ORS (Oral Rehydration Salts),Rehydration,79,7
2026-02-28,2026,2,5,28,9,Dry,ORS (Oral Rehydration Salts),Rehydration,73,7
2026-03-05,2026,3,3,5,10,Dry,ORS (Oral Rehydration Salts),Rehydration,90,7
2026-03-14,2026,3,5,14,11,Dry,ORS (Oral Rehydration Salts),Rehydration,86,7
2026-03-18,2026,3,2,18,12,Dry,ORS (Oral Rehydration Salts),Rehydration,86,7
2026-03-22,2026,3,6,22,12,Dry,ORS (Oral Rehydration Salts),Rehydration,85,7
2026-03-30,2026,3,0,30,14,Dry,ORS (Oral Rehydration Salts),Rehydration,89,7
2026-04-08,2026,4,2,8,15,Dry,ORS (Oral Rehydration Salts),Rehydration,84,7
2026-04-17,2026,4,4,17,16,Dry,ORS (Oral Rehydration Salts),Rehydration,100,7
2026-04-23,2026,4,3,23,17,Dry,ORS (Oral Rehydration Salts),Rehydration,92,7
2026-05-02,2026,5,5,2,18,Dry,ORS (Oral Rehydration Salts),Rehydration,80,7
2026-05-10,2026,5,6,10,19,Dry,ORS (Oral Rehydration Salts),Rehydration,82,7
2026-05-16,2026,5,5,16,20,Dry,ORS (Oral Rehydration Salts),Rehydration,85,7
2026-05-21,2026,5,3,21,21,Dry,ORS (Oral Rehydration Salts),Rehydration,83,7
2026-05-31,2026,5,6,31,22,Dry,ORS (Oral Rehydration Salts),Rehydration,78,7
2026-06-05,2026,6,4,5,23,Wet,ORS (Oral Rehydration Salts),Rehydration,67,7
2026-06-15,2026,6,0,15,25,Wet,ORS (Oral Rehydration Salts),Rehydration,68,7
2026-06-24,2026,6,2,24,26,Wet,ORS (Oral Rehydration Salts),Rehydration,79,7
2026-07-03,2026,7,4,3,27,Wet,ORS (Oral Rehydration Salts),Rehydration,68,7
2026-07-10,2026,7,4,10,28,Wet,ORS (Oral Rehydration Salts),Rehydration,61,7
2026-07-18,2026,7,5,18,29,Wet,ORS (Oral Rehydration Salts),Rehydration,73,7
2026-07-22,2026,7,2,22,30,Wet,ORS (Oral Rehydration Salts),Rehydration,72,7
2026-08-01,2026,8,5,1,31,Wet,ORS (Oral Rehydration Salts),Rehydration,82,7
2026-08-09,2026,8,6,9,32,Wet,ORS (Oral Rehydration Salts),Rehydration,72,7
2026-08-14,2026,8,4,14,33,Wet,ORS (Oral Rehydration Salts),Rehydration,67,7
2021-08-22,2021,8,6,22,33,Wet,Mefenamic Acid,Pain Reliever,52,8
2021-08-30,2021,8,0,30,35,Wet,Mefenamic Acid,Pain Reliever,65,8
2021-09-06,2021,9,0,6,36,Wet,Mefenamic Acid,Pain Reliever,77,8
2021-09-17,2021,9,4,17,37,Wet,Mefenamic Acid,Pain Reliever,73,8
2021-09-24,2021,9,4,24,38,Wet,Mefenamic Acid,Pain Reliever,60,8
2021-09-30,2021,9,3,30,39,Wet,Mefenamic Acid,Pain Reliever,58,8
2021-10-09,2021,10,5,9,40,Wet,Mefenamic Acid,Pain Reliever,54,8
2021-10-17,2021,10,6,17,41,Wet,Mefenamic Acid,Pain Reliever,67,8
2021-10-23,2021,10,5,23,42,Wet,Mefenamic Acid,Pain Reliever,64,8
2021-11-01,2021,11,0,1,44,Wet,Mefenamic Acid,Pain Reliever,74,8
2021-11-12,2021,11,4,12,45,Wet,Mefenamic Acid,Pain Reliever,59,8
2021-11-17,2021,11,2,17,46,Wet,Mefenamic Acid,Pain Reliever,57,8
2021-11-27,2021,11,5,27,47,Wet,Mefenamic Acid,Pain Reliever,92,8
2021-12-04,2021,12,5,4,48,Dry,Mefenamic Acid,Pain Reliever,64,8
2021-12-12,2021,12,6,12,49,Dry,Mefenamic Acid,Pain Reliever,63,8
2021-12-19,2021,12,6,19,50,Dry,Mefenamic Acid,Pain Reliever,52,8
2021-12-28,2021,12,1,28,52,Dry,Mefenamic Acid,Pain Reliever,63,8
2022-01-03,2022,1,0,3,1,Dry,Mefenamic Acid,Pain Reliever,63,8
2022-01-14,2022,1,4,14,2,Dry,Mefenamic Acid,Pain Reliever,68,8
2022-01-24,2022,1,0,24,4,Dry,Mefenamic Acid,Pain Reliever,79,8
2022-01-29,2022,1,5,29,4,Dry,Mefenamic Acid,Pain Reliever,73,8
2022-02-04,2022,2,4,4,5,Dry,Mefenamic Acid,Pain Reliever,69,8
2022-02-13,2022,2,6,13,6,Dry,Mefenamic Acid,Pain Reliever,53,8
2022-02-18,2022,2,4,18,7,Dry,Mefenamic Acid,Pain Reliever,75,8
2022-02-24,2022,2,3,24,8,Dry,Mefenamic Acid,Pain Reliever,58,8
2022-03-06,2022,3,6,6,9,Dry,Mefenamic Acid,Pain Reliever,80,8
2022-03-11,2022,3,4,11,10,Dry,Mefenamic Acid,Pain Reliever,65,8
2022-03-20,2022,3,6,20,11,Dry,Mefenamic Acid,Pain Reliever,58,8
2022-03-29,2022,3,1,29,13,Dry,Mefenamic Acid,Pain Reliever,71,8
2022-04-04,2022,4,0,4,14,Dry,Mefenamic Acid,Pain Reliever,67,8
2022-04-13,2022,4,2,13,15,Dry,Mefenamic Acid,Pain Reliever,65,8
2022-04-19,2022,4,1,19,16,Dry,Mefenamic Acid,Pain Reliever,70,8
2022-04-27,2022,4,2,27,17,Dry,Mefenamic Acid,Pain Reliever,56,8
2022-05-07,2022,5,5,7,18,Dry,Mefenamic Acid,Pain Reliever,82,8
2022-05-16,2022,5,0,16,20,Dry,Mefenamic Acid,Pain Reliever,66,8
2022-05-21,2022,5,5,21,20,Dry,Mefenamic Acid,Pain Reliever,65,8
2022-05-28,2022,5,5,28,21,Dry,Mefenamic Acid,Pain Reliever,59,8
2022-06-04,2022,6,5,4,22,Wet,Mefenamic Acid,Pain Reliever,58,8
2022-06-15,2022,6,2,15,24,Wet,Mefenamic Acid,Pain Reliever,69,8
2022-06-21,2022,6,1,21,25,Wet,Mefenamic Acid,Pain Reliever,54,8
2022-06-30,2022,6,3,30,26,Wet,Mefenamic Acid,Pain Reliever,67,8
2022-07-06,2022,7,2,6,27,Wet,Mefenamic Acid,Pain Reliever,56,8
2022-07-13,2022,7,2,13,28,Wet,Mefenamic Acid,Pain Reliever,67,8
2022-07-22,2022,7,4,22,29,Wet,Mefenamic Acid,Pain Reliever,71,8
2022-08-02,2022,8,1,2,31,Wet,Mefenamic Acid,Pain Reliever,72,8
2022-08-10,2022,8,2,10,32,Wet,Mefenamic Acid,Pain Reliever,74,8
2022-08-15,2022,8,0,15,33,Wet,Mefenamic Acid,Pain Reliever,57,8
2022-08-26,2022,8,4,26,34,Wet,Mefenamic Acid,Pain Reliever,56,8
2022-09-03,2022,9,5,3,35,Wet,Mefenamic Acid,Pain Reliever,46,8
2022-09-14,2022,9,2,14,37,Wet,Mefenamic Acid,Pain Reliever,57,8
2022-09-21,2022,9,2,21,38,Wet,Mefenamic Acid,Pain Reliever,68,8
2022-10-02,2022,10,6,2,39,Wet,Mefenamic Acid,Pain Reliever,69,8
2022-10-13,2022,10,3,13,41,Wet,Mefenamic Acid,Pain Reliever,64,8
2022-10-22,2022,10,5,22,42,Wet,Mefenamic Acid,Pain Reliever,62,8
2022-10-28,2022,10,4,28,43,Wet,Mefenamic Acid,Pain Reliever,63,8
2022-11-02,2022,11,2,2,44,Wet,Mefenamic Acid,Pain Reliever,76,8
2022-11-13,2022,11,6,13,45,Wet,Mefenamic Acid,Pain Reliever,57,8
2022-11-21,2022,11,0,21,47,Wet,Mefenamic Acid,Pain Reliever,65,8
2022-11-29,2022,11,1,29,48,Wet,Mefenamic Acid,Pain Reliever,65,8
2022-12-06,2022,12,1,6,49,Dry,Mefenamic Acid,Pain Reliever,59,8
2022-12-11,2022,12,6,11,49,Dry,Mefenamic Acid,Pain Reliever,66,8
2022-12-18,2022,12,6,18,50,Dry,Mefenamic Acid,Pain Reliever,72,8
2022-12-28,2022,12,2,28,52,Dry,Mefenamic Acid,Pain Reliever,63,8
2023-01-06,2023,1,4,6,1,Dry,Mefenamic Acid,Pain Reliever,52,8
2023-01-14,2023,1,5,14,2,Dry,Mefenamic Acid,Pain Reliever,58,8
2023-01-19,2023,1,3,19,3,Dry,Mefenamic Acid,Pain Reliever,61,8
2023-01-27,2023,1,4,27,4,Dry,Mefenamic Acid,Pain Reliever,69,8
2023-02-07,2023,2,1,7,6,Dry,Mefenamic Acid,Pain Reliever,52,8
2023-02-12,2023,2,6,12,6,Dry,Mefenamic Acid,Pain Reliever,76,8
2023-02-17,2023,2,4,17,7,Dry,Mefenamic Acid,Pain Reliever,62,8
2023-02-23,2023,2,3,23,8,Dry,Mefenamic Acid,Pain Reliever,69,8
2023-03-02,2023,3,3,2,9,Dry,Mefenamic Acid,Pain Reliever,69,8
2023-03-08,2023,3,2,8,10,Dry,Mefenamic Acid,Pain Reliever,58,8
2023-03-15,2023,3,2,15,11,Dry,Mefenamic Acid,Pain Reliever,57,8
2023-03-21,2023,3,1,21,12,Dry,Mefenamic Acid,Pain Reliever,61,8
2023-04-01,2023,4,5,1,13,Dry,Mefenamic Acid,Pain Reliever,57,8
2023-04-10,2023,4,0,10,15,Dry,Mefenamic Acid,Pain Reliever,80,8
2023-04-19,2023,4,2,19,16,Dry,Mefenamic Acid,Pain Reliever,58,8
2023-04-27,2023,4,3,27,17,Dry,Mefenamic Acid,Pain Reliever,49,8
2023-05-02,2023,5,1,2,18,Dry,Mefenamic Acid,Pain Reliever,61,8
2023-05-08,2023,5,0,8,19,Dry,Mefenamic Acid,Pain Reliever,67,8
2023-05-16,2023,5,1,16,20,Dry,Mefenamic Acid,Pain Reliever,55,8
2023-05-22,2023,5,0,22,21,Dry,Mefenamic Acid,Pain Reliever,77,8
2023-05-28,2023,5,6,28,21,Dry,Mefenamic Acid,Pain Reliever,50,8
2023-06-02,2023,6,4,2,22,Wet,Mefenamic Acid,Pain Reliever,64,8
2023-06-12,2023,6,0,12,24,Wet,Mefenamic Acid,Pain Reliever,65,8
2023-06-21,2023,6,2,21,25,Wet,Mefenamic Acid,Pain Reliever,72,8
2023-07-01,2023,7,5,1,26,Wet,Mefenamic Acid,Pain Reliever,51,8
2023-07-08,2023,7,5,8,27,Wet,Mefenamic Acid,Pain Reliever,67,8
2023-07-17,2023,7,0,17,29,Wet,Mefenamic Acid,Pain Reliever,77,8
2023-07-28,2023,7,4,28,30,Wet,Mefenamic Acid,Pain Reliever,59,8
2023-08-02,2023,8,2,2,31,Wet,Mefenamic Acid,Pain Reliever,68,8
2023-08-13,2023,8,6,13,32,Wet,Mefenamic Acid,Pain Reliever,79,8
2023-08-23,2023,8,2,23,34,Wet,Mefenamic Acid,Pain Reliever,64,8
2023-08-29,2023,8,1,29,35,Wet,Mefenamic Acid,Pain Reliever,70,8
2023-09-03,2023,9,6,3,35,Wet,Mefenamic Acid,Pain Reliever,70,8
2023-09-14,2023,9,3,14,37,Wet,Mefenamic Acid,Pain Reliever,61,8
2023-09-23,2023,9,5,23,38,Wet,Mefenamic Acid,Pain Reliever,74,8
2023-10-01,2023,10,6,1,39,Wet,Mefenamic Acid,Pain Reliever,66,8
2023-10-06,2023,10,4,6,40,Wet,Mefenamic Acid,Pain Reliever,69,8
2023-10-12,2023,10,3,12,41,Wet,Mefenamic Acid,Pain Reliever,62,8
2023-10-20,2023,10,4,20,42,Wet,Mefenamic Acid,Pain Reliever,58,8
2023-10-31,2023,10,1,31,44,Wet,Mefenamic Acid,Pain Reliever,55,8
2023-11-06,2023,11,0,6,45,Wet,Mefenamic Acid,Pain Reliever,62,8
2023-11-13,2023,11,0,13,46,Wet,Mefenamic Acid,Pain Reliever,66,8
2023-11-19,2023,11,6,19,46,Wet,Mefenamic Acid,Pain Reliever,70,8
2023-11-26,2023,11,6,26,47,Wet,Mefenamic Acid,Pain Reliever,61,8
2023-12-05,2023,12,1,5,49,Dry,Mefenamic Acid,Pain Reliever,63,8
2023-12-10,2023,12,6,10,49,Dry,Mefenamic Acid,Pain Reliever,62,8
2023-12-19,2023,12,1,19,51,Dry,Mefenamic Acid,Pain Reliever,47,8
2023-12-28,2023,12,3,28,52,Dry,Mefenamic Acid,Pain Reliever,67,8
2024-01-08,2024,1,0,8,2,Dry,Mefenamic Acid,Pain Reliever,64,8
2024-01-13,2024,1,5,13,2,Dry,Mefenamic Acid,Pain Reliever,66,8
2024-01-23,2024,1,1,23,4,Dry,Mefenamic Acid,Pain Reliever,77,8
2024-01-29,2024,1,0,29,5,Dry,Mefenamic Acid,Pain Reliever,66,8
2024-02-04,2024,2,6,4,5,Dry,Mefenamic Acid,Pain Reliever,51,8
2024-02-10,2024,2,5,10,6,Dry,Mefenamic Acid,Pain Reliever,78,8
2024-02-20,2024,2,1,20,8,Dry,Mefenamic Acid,Pain Reliever,64,8
2024-03-01,2024,3,4,1,9,Dry,Mefenamic Acid,Pain Reliever,65,8
2024-03-12,2024,3,1,12,11,Dry,Mefenamic Acid,Pain Reliever,55,8
2024-03-21,2024,3,3,21,12,Dry,Mefenamic Acid,Pain Reliever,63,8
2024-03-28,2024,3,3,28,13,Dry,Mefenamic Acid,Pain Reliever,46,8
2024-04-02,2024,4,1,2,14,Dry,Mefenamic Acid,Pain Reliever,79,8
2024-04-08,2024,4,0,8,15,Dry,Mefenamic Acid,Pain Reliever,53,8
2024-04-14,2024,4,6,14,15,Dry,Mefenamic Acid,Pain Reliever,59,8
2024-04-21,2024,4,6,21,16,Dry,Mefenamic Acid,Pain Reliever,63,8
2024-04-29,2024,4,0,29,18,Dry,Mefenamic Acid,Pain Reliever,68,8
2024-05-09,2024,5,3,9,19,Dry,Mefenamic Acid,Pain Reliever,64,8
2024-05-17,2024,5,4,17,20,Dry,Mefenamic Acid,Pain Reliever,67,8
2024-05-26,2024,5,6,26,21,Dry,Mefenamic Acid,Pain Reliever,64,8
2024-06-02,2024,6,6,2,22,Wet,Mefenamic Acid,Pain Reliever,67,8
2024-06-13,2024,6,3,13,24,Wet,Mefenamic Acid,Pain Reliever,57,8
2024-06-19,2024,6,2,19,25,Wet,Mefenamic Acid,Pain Reliever,52,8
2024-06-26,2024,6,2,26,26,Wet,Mefenamic Acid,Pain Reliever,60,8
2024-07-06,2024,7,5,6,27,Wet,Mefenamic Acid,Pain Reliever,74,8
2024-07-15,2024,7,0,15,29,Wet,Mefenamic Acid,Pain Reliever,55,8
2024-07-20,2024,7,5,20,29,Wet,Mefenamic Acid,Pain Reliever,40,8
2024-07-30,2024,7,1,30,31,Wet,Mefenamic Acid,Pain Reliever,60,8
2024-08-10,2024,8,5,10,32,Wet,Mefenamic Acid,Pain Reliever,54,8
2024-08-17,2024,8,5,17,33,Wet,Mefenamic Acid,Pain Reliever,82,8
2024-08-25,2024,8,6,25,34,Wet,Mefenamic Acid,Pain Reliever,64,8
2024-09-05,2024,9,3,5,36,Wet,Mefenamic Acid,Pain Reliever,69,8
2024-09-12,2024,9,3,12,37,Wet,Mefenamic Acid,Pain Reliever,73,8
2024-09-22,2024,9,6,22,38,Wet,Mefenamic Acid,Pain Reliever,46,8
2024-10-03,2024,10,3,3,40,Wet,Mefenamic Acid,Pain Reliever,66,8
2024-10-12,2024,10,5,12,41,Wet,Mefenamic Acid,Pain Reliever,64,8
2024-10-17,2024,10,3,17,42,Wet,Mefenamic Acid,Pain Reliever,67,8
2024-10-25,2024,10,4,25,43,Wet,Mefenamic Acid,Pain Reliever,65,8
2024-11-05,2024,11,1,5,45,Wet,Mefenamic Acid,Pain Reliever,73,8
2024-11-10,2024,11,6,10,45,Wet,Mefenamic Acid,Pain Reliever,64,8
2024-11-20,2024,11,2,20,47,Wet,Mefenamic Acid,Pain Reliever,60,8
2024-11-25,2024,11,0,25,48,Wet,Mefenamic Acid,Pain Reliever,67,8
2024-12-02,2024,12,0,2,49,Dry,Mefenamic Acid,Pain Reliever,68,8
2024-12-08,2024,12,6,8,49,Dry,Mefenamic Acid,Pain Reliever,67,8
2024-12-19,2024,12,3,19,51,Dry,Mefenamic Acid,Pain Reliever,53,8
2024-12-27,2024,12,4,27,52,Dry,Mefenamic Acid,Pain Reliever,64,8
2025-01-06,2025,1,0,6,2,Dry,Mefenamic Acid,Pain Reliever,75,8
2025-01-14,2025,1,1,14,3,Dry,Mefenamic Acid,Pain Reliever,65,8
2025-01-22,2025,1,2,22,4,Dry,Mefenamic Acid,Pain Reliever,59,8
2025-01-27,2025,1,0,27,5,Dry,Mefenamic Acid,Pain Reliever,52,8
2025-02-07,2025,2,4,7,6,Dry,Mefenamic Acid,Pain Reliever,63,8
2025-02-18,2025,2,1,18,8,Dry,Mefenamic Acid,Pain Reliever,52,8
2025-02-25,2025,2,1,25,9,Dry,Mefenamic Acid,Pain Reliever,77,8
2025-03-02,2025,3,6,2,9,Dry,Mefenamic Acid,Pain Reliever,67,8
2025-03-07,2025,3,4,7,10,Dry,Mefenamic Acid,Pain Reliever,71,8
2025-03-13,2025,3,3,13,11,Dry,Mefenamic Acid,Pain Reliever,75,8
2025-03-21,2025,3,4,21,12,Dry,Mefenamic Acid,Pain Reliever,59,8
2025-03-27,2025,3,3,27,13,Dry,Mefenamic Acid,Pain Reliever,69,8
2025-04-06,2025,4,6,6,14,Dry,Mefenamic Acid,Pain Reliever,66,8
2025-04-15,2025,4,1,15,16,Dry,Mefenamic Acid,Pain Reliever,80,8
2025-04-20,2025,4,6,20,16,Dry,Mefenamic Acid,Pain Reliever,61,8
2025-04-30,2025,4,2,30,18,Dry,Mefenamic Acid,Pain Reliever,74,8
2025-05-09,2025,5,4,9,19,Dry,Mefenamic Acid,Pain Reliever,72,8
2025-05-14,2025,5,2,14,20,Dry,Mefenamic Acid,Pain Reliever,73,8
2025-05-19,2025,5,0,19,21,Dry,Mefenamic Acid,Pain Reliever,80,8
2025-05-26,2025,5,0,26,22,Dry,Mefenamic Acid,Pain Reliever,58,8
2025-06-04,2025,6,2,4,23,Wet,Mefenamic Acid,Pain Reliever,65,8
2025-06-10,2025,6,1,10,24,Wet,Mefenamic Acid,Pain Reliever,59,8
2025-06-19,2025,6,3,19,25,Wet,Mefenamic Acid,Pain Reliever,63,8
2025-06-30,2025,6,0,30,27,Wet,Mefenamic Acid,Pain Reliever,60,8
2025-07-10,2025,7,3,10,28,Wet,Mefenamic Acid,Pain Reliever,61,8
2025-07-16,2025,7,2,16,29,Wet,Mefenamic Acid,Pain Reliever,60,8
2025-07-21,2025,7,0,21,30,Wet,Mefenamic Acid,Pain Reliever,64,8
2025-07-26,2025,7,5,26,30,Wet,Mefenamic Acid,Pain Reliever,57,8
2025-08-04,2025,8,0,4,32,Wet,Mefenamic Acid,Pain Reliever,58,8
2025-08-15,2025,8,4,15,33,Wet,Mefenamic Acid,Pain Reliever,60,8
2025-08-25,2025,8,0,25,35,Wet,Mefenamic Acid,Pain Reliever,78,8
2025-09-03,2025,9,2,3,36,Wet,Mefenamic Acid,Pain Reliever,74,8
2025-09-13,2025,9,5,13,37,Wet,Mefenamic Acid,Pain Reliever,56,8
2025-09-24,2025,9,2,24,39,Wet,Mefenamic Acid,Pain Reliever,60,8
2025-09-30,2025,9,1,30,40,Wet,Mefenamic Acid,Pain Reliever,58,8
2025-10-08,2025,10,2,8,41,Wet,Mefenamic Acid,Pain Reliever,51,8
2025-10-17,2025,10,4,17,42,Wet,Mefenamic Acid,Pain Reliever,66,8
2025-10-24,2025,10,4,24,43,Wet,Mefenamic Acid,Pain Reliever,78,8
2025-10-30,2025,10,3,30,44,Wet,Mefenamic Acid,Pain Reliever,78,8
2025-11-06,2025,11,3,6,45,Wet,Mefenamic Acid,Pain Reliever,68,8
2025-11-15,2025,11,5,15,46,Wet,Mefenamic Acid,Pain Reliever,53,8
2025-11-22,2025,11,5,22,47,Wet,Mefenamic Acid,Pain Reliever,72,8
2025-11-30,2025,11,6,30,48,Wet,Mefenamic Acid,Pain Reliever,70,8
2025-12-11,2025,12,3,11,50,Dry,Mefenamic Acid,Pain Reliever,59,8
2025-12-22,2025,12,0,22,52,Dry,Mefenamic Acid,Pain Reliever,75,8
2025-12-30,2025,12,1,30,1,Dry,Mefenamic Acid,Pain Reliever,62,8
2026-01-10,2026,1,5,10,2,Dry,Mefenamic Acid,Pain Reliever,74,8
2026-01-18,2026,1,6,18,3,Dry,Mefenamic Acid,Pain Reliever,61,8
2026-01-27,2026,1,1,27,5,Dry,Mefenamic Acid,Pain Reliever,53,8
2026-02-06,2026,2,4,6,6,Dry,Mefenamic Acid,Pain Reliever,64,8
2026-02-13,2026,2,4,13,7,Dry,Mefenamic Acid,Pain Reliever,68,8
2026-02-24,2026,2,1,24,9,Dry,Mefenamic Acid,Pain Reliever,48,8
2026-03-07,2026,3,5,7,10,Dry,Mefenamic Acid,Pain Reliever,56,8
2026-03-18,2026,3,2,18,12,Dry,Mefenamic Acid,Pain Reliever,54,8
2026-03-26,2026,3,3,26,13,Dry,Mefenamic Acid,Pain Reliever,78,8
2026-04-06,2026,4,0,6,15,Dry,Mefenamic Acid,Pain Reliever,61,8
2026-04-16,2026,4,3,16,16,Dry,Mefenamic Acid,Pain Reliever,63,8
2026-04-23,2026,4,3,23,17,Dry,Mefenamic Acid,Pain Reliever,47,8
2026-04-28,2026,4,1,28,18,Dry,Mefenamic Acid,Pain Reliever,63,8
2026-05-03,2026,5,6,3,18,Dry,Mefenamic Acid,Pain Reliever,73,8
2026-05-13,2026,5,2,13,20,Dry,Mefenamic Acid,Pain Reliever,66,8
2026-05-24,2026,5,6,24,21,Dry,Mefenamic Acid,Pain Reliever,66,8
2026-06-04,2026,6,3,4,23,Wet,Mefenamic Acid,Pain Reliever,53,8
2026-06-14,2026,6,6,14,24,Wet,Mefenamic Acid,Pain Reliever,72,8
2026-06-21,2026,6,6,21,25,Wet,Mefenamic Acid,Pain Reliever,51,8
2026-06-30,2026,6,1,30,27,Wet,Mefenamic Acid,Pain Reliever,52,8
2026-07-11,2026,7,5,11,28,Wet,Mefenamic Acid,Pain Reliever,67,8
2026-07-20,2026,7,0,20,30,Wet,Mefenamic Acid,Pain Reliever,78,8
2026-07-27,2026,7,0,27,31,Wet,Mefenamic Acid,Pain Reliever,64,8
2026-08-04,2026,8,1,4,32,Wet,Mefenamic Acid,Pain Reliever,46,8
2026-08-13,2026,8,3,13,33,Wet,Mefenamic Acid,Pain Reliever,69,8
2021-08-16,2021,8,0,16,33,Wet,Loperamide,Antidiarrheal,43,11
2021-08-30,2021,8,0,30,35,Wet,Loperamide,Antidiarrheal,49,11
2021-09-13,2021,9,0,13,37,Wet,Loperamide,Antidiarrheal,49,11
2021-09-26,2021,9,6,26,38,Wet,Loperamide,Antidiarrheal,38,11
2021-10-04,2021,10,0,4,40,Wet,Loperamide,Antidiarrheal,53,11
2021-10-14,2021,10,3,14,41,Wet,Loperamide,Antidiarrheal,51,11
2021-10-23,2021,10,5,23,42,Wet,Loperamide,Antidiarrheal,60,11
2021-11-02,2021,11,1,2,44,Wet,Loperamide,Antidiarrheal,50,11
2021-11-16,2021,11,1,16,46,Wet,Loperamide,Antidiarrheal,64,11
2021-11-25,2021,11,3,25,47,Wet,Loperamide,Antidiarrheal,57,11
2021-12-05,2021,12,6,5,48,Dry,Loperamide,Antidiarrheal,54,11
2021-12-14,2021,12,1,14,50,Dry,Loperamide,Antidiarrheal,53,11
2021-12-28,2021,12,1,28,52,Dry,Loperamide,Antidiarrheal,48,11
2022-01-11,2022,1,1,11,2,Dry,Loperamide,Antidiarrheal,49,11
2022-01-22,2022,1,5,22,3,Dry,Loperamide,Antidiarrheal,55,11
2022-01-30,2022,1,6,30,4,Dry,Loperamide,Antidiarrheal,61,11
2022-02-12,2022,2,5,12,6,Dry,Loperamide,Antidiarrheal,60,11
2022-02-25,2022,2,4,25,8,Dry,Loperamide,Antidiarrheal,61,11
2022-03-08,2022,3,1,8,10,Dry,Loperamide,Antidiarrheal,76,11
2022-03-16,2022,3,2,16,11,Dry,Loperamide,Antidiarrheal,74,11
2022-03-30,2022,3,2,30,13,Dry,Loperamide,Antidiarrheal,77,11
2022-04-07,2022,4,3,7,14,Dry,Loperamide,Antidiarrheal,59,11
2022-04-16,2022,4,5,16,15,Dry,Loperamide,Antidiarrheal,64,11
2022-04-28,2022,4,3,28,17,Dry,Loperamide,Antidiarrheal,64,11
2022-05-11,2022,5,2,11,19,Dry,Loperamide,Antidiarrheal,73,11
2022-05-24,2022,5,1,24,21,Dry,Loperamide,Antidiarrheal,69,11
2022-06-01,2022,6,2,1,22,Wet,Loperamide,Antidiarrheal,52,11
2022-06-13,2022,6,0,13,24,Wet,Loperamide,Antidiarrheal,47,11
2022-06-25,2022,6,5,25,25,Wet,Loperamide,Antidiarrheal,53,11
2022-07-07,2022,7,3,7,27,Wet,Loperamide,Antidiarrheal,52,11
2022-07-15,2022,7,4,15,28,Wet,Loperamide,Antidiarrheal,50,11
2022-07-23,2022,7,5,23,29,Wet,Loperamide,Antidiarrheal,68,11
2022-08-03,2022,8,2,3,31,Wet,Loperamide,Antidiarrheal,61,11
2022-08-11,2022,8,3,11,32,Wet,Loperamide,Antidiarrheal,56,11
2022-08-25,2022,8,3,25,34,Wet,Loperamide,Antidiarrheal,50,11
2022-09-02,2022,9,4,2,35,Wet,Loperamide,Antidiarrheal,44,11
2022-09-15,2022,9,3,15,37,Wet,Loperamide,Antidiarrheal,55,11
2022-09-26,2022,9,0,26,39,Wet,Loperamide,Antidiarrheal,55,11
2022-10-07,2022,10,4,7,40,Wet,Loperamide,Antidiarrheal,50,11
2022-10-16,2022,10,6,16,41,Wet,Loperamide,Antidiarrheal,56,11
2022-10-27,2022,10,3,27,43,Wet,Loperamide,Antidiarrheal,58,11
2022-11-05,2022,11,5,5,44,Wet,Loperamide,Antidiarrheal,52,11
2022-11-17,2022,11,3,17,46,Wet,Loperamide,Antidiarrheal,47,11
2022-11-25,2022,11,4,25,47,Wet,Loperamide,Antidiarrheal,51,11
2022-12-07,2022,12,2,7,49,Dry,Loperamide,Antidiarrheal,54,11
2022-12-18,2022,12,6,18,50,Dry,Loperamide,Antidiarrheal,48,11
2023-01-01,2023,1,6,1,52,Dry,Loperamide,Antidiarrheal,54,11
2023-01-14,2023,1,5,14,2,Dry,Loperamide,Antidiarrheal,45,11
2023-01-26,2023,1,3,26,4,Dry,Loperamide,Antidiarrheal,53,11
2023-02-04,2023,2,5,4,5,Dry,Loperamide,Antidiarrheal,62,11
2023-02-15,2023,2,2,15,7,Dry,Loperamide,Antidiarrheal,56,11
2023-03-01,2023,3,2,1,9,Dry,Loperamide,Antidiarrheal,67,11
2023-03-13,2023,3,0,13,11,Dry,Loperamide,Antidiarrheal,76,11
2023-03-21,2023,3,1,21,12,Dry,Loperamide,Antidiarrheal,60,11
2023-03-30,2023,3,3,30,13,Dry,Loperamide,Antidiarrheal,69,11
2023-04-07,2023,4,4,7,14,Dry,Loperamide,Antidiarrheal,67,11
2023-04-21,2023,4,4,21,16,Dry,Loperamide,Antidiarrheal,62,11
2023-04-30,2023,4,6,30,17,Dry,Loperamide,Antidiarrheal,72,11
2023-05-13,2023,5,5,13,19,Dry,Loperamide,Antidiarrheal,55,11
2023-05-26,2023,5,4,26,21,Dry,Loperamide,Antidiarrheal,68,11
2023-06-05,2023,6,0,5,23,Wet,Loperamide,Antidiarrheal,55,11
2023-06-14,2023,6,2,14,24,Wet,Loperamide,Antidiarrheal,42,11
2023-06-27,2023,6,1,27,26,Wet,Loperamide,Antidiarrheal,56,11
2023-07-08,2023,7,5,8,27,Wet,Loperamide,Antidiarrheal,52,11
2023-07-16,2023,7,6,16,28,Wet,Loperamide,Antidiarrheal,37,11
2023-07-25,2023,7,1,25,30,Wet,Loperamide,Antidiarrheal,35,11
2023-08-07,2023,8,0,7,32,Wet,Loperamide,Antidiarrheal,48,11
2023-08-21,2023,8,0,21,34,Wet,Loperamide,Antidiarrheal,45,11
2023-08-29,2023,8,1,29,35,Wet,Loperamide,Antidiarrheal,46,11
2023-09-06,2023,9,2,6,36,Wet,Loperamide,Antidiarrheal,67,11
2023-09-15,2023,9,4,15,37,Wet,Loperamide,Antidiarrheal,60,11
2023-09-28,2023,9,3,28,39,Wet,Loperamide,Antidiarrheal,65,11
2023-10-12,2023,10,3,12,41,Wet,Loperamide,Antidiarrheal,45,11
2023-10-25,2023,10,2,25,43,Wet,Loperamide,Antidiarrheal,64,11
2023-11-07,2023,11,1,7,45,Wet,Loperamide,Antidiarrheal,57,11
2023-11-17,2023,11,4,17,46,Wet,Loperamide,Antidiarrheal,51,11
2023-11-27,2023,11,0,27,48,Wet,Loperamide,Antidiarrheal,74,11
2023-12-06,2023,12,2,6,49,Dry,Loperamide,Antidiarrheal,51,11
2023-12-14,2023,12,3,14,50,Dry,Loperamide,Antidiarrheal,47,11
2023-12-28,2023,12,3,28,52,Dry,Loperamide,Antidiarrheal,50,11
2024-01-08,2024,1,0,8,2,Dry,Loperamide,Antidiarrheal,50,11
2024-01-22,2024,1,0,22,4,Dry,Loperamide,Antidiarrheal,58,11
2024-01-30,2024,1,1,30,5,Dry,Loperamide,Antidiarrheal,47,11
2024-02-11,2024,2,6,11,6,Dry,Loperamide,Antidiarrheal,60,11
2024-02-25,2024,2,6,25,8,Dry,Loperamide,Antidiarrheal,45,11
2024-03-05,2024,3,1,5,10,Dry,Loperamide,Antidiarrheal,70,11
2024-03-14,2024,3,3,14,11,Dry,Loperamide,Antidiarrheal,63,11
2024-03-26,2024,3,1,26,13,Dry,Loperamide,Antidiarrheal,71,11
2024-04-04,2024,4,3,4,14,Dry,Loperamide,Antidiarrheal,58,11
2024-04-12,2024,4,4,12,15,Dry,Loperamide,Antidiarrheal,67,11
2024-04-22,2024,4,0,22,17,Dry,Loperamide,Antidiarrheal,70,11
2024-05-05,2024,5,6,5,18,Dry,Loperamide,Antidiarrheal,56,11
2024-05-16,2024,5,3,16,20,Dry,Loperamide,Antidiarrheal,63,11
2024-05-27,2024,5,0,27,22,Dry,Loperamide,Antidiarrheal,82,11
2024-06-10,2024,6,0,10,24,Wet,Loperamide,Antidiarrheal,55,11
2024-06-23,2024,6,6,23,25,Wet,Loperamide,Antidiarrheal,56,11
2024-07-05,2024,7,4,5,27,Wet,Loperamide,Antidiarrheal,48,11
2024-07-19,2024,7,4,19,29,Wet,Loperamide,Antidiarrheal,61,11
2024-08-01,2024,8,3,1,31,Wet,Loperamide,Antidiarrheal,64,11
2024-08-12,2024,8,0,12,33,Wet,Loperamide,Antidiarrheal,64,11
2024-08-22,2024,8,3,22,34,Wet,Loperamide,Antidiarrheal,66,11
2024-09-02,2024,9,0,2,36,Wet,Loperamide,Antidiarrheal,51,11
2024-09-10,2024,9,1,10,37,Wet,Loperamide,Antidiarrheal,51,11
2024-09-19,2024,9,3,19,38,Wet,Loperamide,Antidiarrheal,46,11
2024-10-02,2024,10,2,2,40,Wet,Loperamide,Antidiarrheal,47,11
2024-10-16,2024,10,2,16,42,Wet,Loperamide,Antidiarrheal,51,11
2024-10-30,2024,10,2,30,44,Wet,Loperamide,Antidiarrheal,41,11
2024-11-11,2024,11,0,11,46,Wet,Loperamide,Antidiarrheal,63,11
2024-11-23,2024,11,5,23,47,Wet,Loperamide,Antidiarrheal,54,11
2024-12-03,2024,12,1,3,49,Dry,Loperamide,Antidiarrheal,52,11
2024-12-12,2024,12,3,12,50,Dry,Loperamide,Antidiarrheal,42,11
2024-12-23,2024,12,0,23,52,Dry,Loperamide,Antidiarrheal,47,11
2025-01-01,2025,1,2,1,1,Dry,Loperamide,Antidiarrheal,54,11
2025-01-09,2025,1,3,9,2,Dry,Loperamide,Antidiarrheal,41,11
2025-01-17,2025,1,4,17,3,Dry,Loperamide,Antidiarrheal,49,11
2025-01-27,2025,1,0,27,5,Dry,Loperamide,Antidiarrheal,47,11
2025-02-09,2025,2,6,9,6,Dry,Loperamide,Antidiarrheal,51,11
2025-02-20,2025,2,3,20,8,Dry,Loperamide,Antidiarrheal,38,11
2025-03-01,2025,3,5,1,9,Dry,Loperamide,Antidiarrheal,66,11
2025-03-10,2025,3,0,10,11,Dry,Loperamide,Antidiarrheal,81,11
2025-03-22,2025,3,5,22,12,Dry,Loperamide,Antidiarrheal,55,11
2025-04-05,2025,4,5,5,14,Dry,Loperamide,Antidiarrheal,69,11
2025-04-13,2025,4,6,13,15,Dry,Loperamide,Antidiarrheal,80,11
2025-04-22,2025,4,1,22,17,Dry,Loperamide,Antidiarrheal,58,11
2025-05-01,2025,5,3,1,18,Dry,Loperamide,Antidiarrheal,70,11
2025-05-13,2025,5,1,13,20,Dry,Loperamide,Antidiarrheal,75,11
2025-05-26,2025,5,0,26,22,Dry,Loperamide,Antidiarrheal,67,11
2025-06-06,2025,6,4,6,23,Wet,Loperamide,Antidiarrheal,42,11
2025-06-18,2025,6,2,18,25,Wet,Loperamide,Antidiarrheal,46,11
2025-07-01,2025,7,1,1,27,Wet,Loperamide,Antidiarrheal,55,11
2025-07-11,2025,7,4,11,28,Wet,Loperamide,Antidiarrheal,52,11
2025-07-20,2025,7,6,20,29,Wet,Loperamide,Antidiarrheal,48,11
2025-07-31,2025,7,3,31,31,Wet,Loperamide,Antidiarrheal,58,11
2025-08-11,2025,8,0,11,33,Wet,Loperamide,Antidiarrheal,55,11
2025-08-20,2025,8,2,20,34,Wet,Loperamide,Antidiarrheal,57,11
2025-09-01,2025,9,0,1,36,Wet,Loperamide,Antidiarrheal,59,11
2025-09-14,2025,9,6,14,37,Wet,Loperamide,Antidiarrheal,27,11
2025-09-24,2025,9,2,24,39,Wet,Loperamide,Antidiarrheal,47,11
2025-10-02,2025,10,3,2,40,Wet,Loperamide,Antidiarrheal,58,11
2025-10-12,2025,10,6,12,41,Wet,Loperamide,Antidiarrheal,55,11
2025-10-23,2025,10,3,23,43,Wet,Loperamide,Antidiarrheal,51,11
2025-11-01,2025,11,5,1,44,Wet,Loperamide,Antidiarrheal,50,11
2025-11-14,2025,11,4,14,46,Wet,Loperamide,Antidiarrheal,46,11
2025-11-22,2025,11,5,22,47,Wet,Loperamide,Antidiarrheal,57,11
2025-12-01,2025,12,0,1,49,Dry,Loperamide,Antidiarrheal,58,11
2025-12-13,2025,12,5,13,50,Dry,Loperamide,Antidiarrheal,51,11
2025-12-21,2025,12,6,21,51,Dry,Loperamide,Antidiarrheal,50,11
2026-01-02,2026,1,4,2,1,Dry,Loperamide,Antidiarrheal,53,11
2026-01-11,2026,1,6,11,2,Dry,Loperamide,Antidiarrheal,62,11
2026-01-19,2026,1,0,19,4,Dry,Loperamide,Antidiarrheal,57,11
2026-01-29,2026,1,3,29,5,Dry,Loperamide,Antidiarrheal,61,11
2026-02-06,2026,2,4,6,6,Dry,Loperamide,Antidiarrheal,61,11
2026-02-20,2026,2,4,20,8,Dry,Loperamide,Antidiarrheal,47,11
2026-02-28,2026,2,5,28,9,Dry,Loperamide,Antidiarrheal,53,11
2026-03-11,2026,3,2,11,11,Dry,Loperamide,Antidiarrheal,62,11
2026-03-21,2026,3,5,21,12,Dry,Loperamide,Antidiarrheal,70,11
2026-04-02,2026,4,3,2,14,Dry,Loperamide,Antidiarrheal,78,11
2026-04-12,2026,4,6,12,15,Dry,Loperamide,Antidiarrheal,54,11
2026-04-26,2026,4,6,26,17,Dry,Loperamide,Antidiarrheal,65,11
2026-05-10,2026,5,6,10,19,Dry,Loperamide,Antidiarrheal,86,11
2026-05-22,2026,5,4,22,21,Dry,Loperamide,Antidiarrheal,57,11
2026-06-05,2026,6,4,5,23,Wet,Loperamide,Antidiarrheal,47,11
2026-06-13,2026,6,5,13,24,Wet,Loperamide,Antidiarrheal,40,11
2026-06-24,2026,6,2,24,26,Wet,Loperamide,Antidiarrheal,45,11
2026-07-04,2026,7,5,4,27,Wet,Loperamide,Antidiarrheal,58,11
2026-07-12,2026,7,6,12,28,Wet,Loperamide,Antidiarrheal,50,11
2026-07-22,2026,7,2,22,30,Wet,Loperamide,Antidiarrheal,44,11
2026-08-05,2026,8,2,5,32,Wet,Loperamide,Antidiarrheal,51,11
2021-08-23,2021,8,0,23,34,Wet,Metformin 500mg,Maintenance,146,10
2021-09-02,2021,9,3,2,35,Wet,Metformin 500mg,Maintenance,143,10
2021-09-14,2021,9,1,14,37,Wet,Metformin 500mg,Maintenance,152,10
2021-09-26,2021,9,6,26,38,Wet,Metformin 500mg,Maintenance,131,10
2021-10-06,2021,10,2,6,40,Wet,Metformin 500mg,Maintenance,174,10
2021-10-14,2021,10,3,14,41,Wet,Metformin 500mg,Maintenance,123,10
2021-10-22,2021,10,4,22,42,Wet,Metformin 500mg,Maintenance,161,10
2021-11-04,2021,11,3,4,44,Wet,Metformin 500mg,Maintenance,125,10
2021-11-13,2021,11,5,13,45,Wet,Metformin 500mg,Maintenance,129,10
2021-11-21,2021,11,6,21,46,Wet,Metformin 500mg,Maintenance,143,10
2021-12-04,2021,12,5,4,48,Dry,Metformin 500mg,Maintenance,140,10
2021-12-15,2021,12,2,15,50,Dry,Metformin 500mg,Maintenance,139,10
2021-12-28,2021,12,1,28,52,Dry,Metformin 500mg,Maintenance,165,10
2022-01-08,2022,1,5,8,1,Dry,Metformin 500mg,Maintenance,146,10
2022-01-19,2022,1,2,19,3,Dry,Metformin 500mg,Maintenance,147,10
2022-01-28,2022,1,4,28,4,Dry,Metformin 500mg,Maintenance,147,10
2022-02-09,2022,2,2,9,6,Dry,Metformin 500mg,Maintenance,158,10
2022-02-17,2022,2,3,17,7,Dry,Metformin 500mg,Maintenance,144,10
2022-02-28,2022,2,0,28,9,Dry,Metformin 500mg,Maintenance,136,10
2022-03-07,2022,3,0,7,10,Dry,Metformin 500mg,Maintenance,172,10
2022-03-18,2022,3,4,18,11,Dry,Metformin 500mg,Maintenance,151,10
2022-03-26,2022,3,5,26,12,Dry,Metformin 500mg,Maintenance,157,10
2022-04-03,2022,4,6,3,13,Dry,Metformin 500mg,Maintenance,130,10
2022-04-11,2022,4,0,11,15,Dry,Metformin 500mg,Maintenance,134,10
2022-04-18,2022,4,0,18,16,Dry,Metformin 500mg,Maintenance,121,10
2022-04-30,2022,4,5,30,17,Dry,Metformin 500mg,Maintenance,131,10
2022-05-09,2022,5,0,9,19,Dry,Metformin 500mg,Maintenance,143,10
2022-05-18,2022,5,2,18,20,Dry,Metformin 500mg,Maintenance,142,10
2022-05-30,2022,5,0,30,22,Dry,Metformin 500mg,Maintenance,142,10
2022-06-07,2022,6,1,7,23,Wet,Metformin 500mg,Maintenance,126,10
2022-06-15,2022,6,2,15,24,Wet,Metformin 500mg,Maintenance,140,10
2022-06-24,2022,6,4,24,25,Wet,Metformin 500mg,Maintenance,157,10
2022-07-03,2022,7,6,3,26,Wet,Metformin 500mg,Maintenance,134,10
2022-07-10,2022,7,6,10,27,Wet,Metformin 500mg,Maintenance,134,10
2022-07-17,2022,7,6,17,28,Wet,Metformin 500mg,Maintenance,142,10
2022-07-28,2022,7,3,28,30,Wet,Metformin 500mg,Maintenance,148,10
2022-08-07,2022,8,6,7,31,Wet,Metformin 500mg,Maintenance,138,10
2022-08-19,2022,8,4,19,33,Wet,Metformin 500mg,Maintenance,139,10
2022-08-28,2022,8,6,28,34,Wet,Metformin 500mg,Maintenance,132,10
2022-09-07,2022,9,2,7,36,Wet,Metformin 500mg,Maintenance,144,10
2022-09-17,2022,9,5,17,37,Wet,Metformin 500mg,Maintenance,148,10
2022-09-25,2022,9,6,25,38,Wet,Metformin 500mg,Maintenance,136,10
2022-10-05,2022,10,2,5,40,Wet,Metformin 500mg,Maintenance,129,10
2022-10-12,2022,10,2,12,41,Wet,Metformin 500mg,Maintenance,142,10
2022-10-23,2022,10,6,23,42,Wet,Metformin 500mg,Maintenance,138,10
2022-11-03,2022,11,3,3,44,Wet,Metformin 500mg,Maintenance,149,10
2022-11-10,2022,11,3,10,45,Wet,Metformin 500mg,Maintenance,152,10
2022-11-21,2022,11,0,21,47,Wet,Metformin 500mg,Maintenance,154,10
2022-11-30,2022,11,2,30,48,Wet,Metformin 500mg,Maintenance,141,10
2022-12-10,2022,12,5,10,49,Dry,Metformin 500mg,Maintenance,159,10
2022-12-19,2022,12,0,19,51,Dry,Metformin 500mg,Maintenance,149,10
2022-12-28,2022,12,2,28,52,Dry,Metformin 500mg,Maintenance,143,10
2023-01-09,2023,1,0,9,2,Dry,Metformin 500mg,Maintenance,171,10
2023-01-22,2023,1,6,22,3,Dry,Metformin 500mg,Maintenance,140,10
2023-02-03,2023,2,4,3,5,Dry,Metformin 500mg,Maintenance,138,10
2023-02-16,2023,2,3,16,7,Dry,Metformin 500mg,Maintenance,126,10
2023-02-28,2023,2,1,28,9,Dry,Metformin 500mg,Maintenance,148,10
2023-03-10,2023,3,4,10,10,Dry,Metformin 500mg,Maintenance,140,10
2023-03-17,2023,3,4,17,11,Dry,Metformin 500mg,Maintenance,137,10
2023-03-26,2023,3,6,26,12,Dry,Metformin 500mg,Maintenance,131,10
2023-04-02,2023,4,6,2,13,Dry,Metformin 500mg,Maintenance,156,10
2023-04-15,2023,4,5,15,15,Dry,Metformin 500mg,Maintenance,159,10
2023-04-27,2023,4,3,27,17,Dry,Metformin 500mg,Maintenance,133,10
2023-05-09,2023,5,1,9,19,Dry,Metformin 500mg,Maintenance,129,10
2023-05-22,2023,5,0,22,21,Dry,Metformin 500mg,Maintenance,148,10
2023-05-29,2023,5,0,29,22,Dry,Metformin 500mg,Maintenance,155,10
2023-06-05,2023,6,0,5,23,Wet,Metformin 500mg,Maintenance,130,10
2023-06-18,2023,6,6,18,24,Wet,Metformin 500mg,Maintenance,149,10
2023-07-01,2023,7,5,1,26,Wet,Metformin 500mg,Maintenance,144,10
2023-07-11,2023,7,1,11,28,Wet,Metformin 500mg,Maintenance,149,10
2023-07-18,2023,7,1,18,29,Wet,Metformin 500mg,Maintenance,154,10
2023-07-26,2023,7,2,26,30,Wet,Metformin 500mg,Maintenance,150,10
2023-08-02,2023,8,2,2,31,Wet,Metformin 500mg,Maintenance,161,10
2023-08-12,2023,8,5,12,32,Wet,Metformin 500mg,Maintenance,132,10
2023-08-20,2023,8,6,20,33,Wet,Metformin 500mg,Maintenance,146,10
2023-08-29,2023,8,1,29,35,Wet,Metformin 500mg,Maintenance,151,10
2023-09-08,2023,9,4,8,36,Wet,Metformin 500mg,Maintenance,134,10
2023-09-19,2023,9,1,19,38,Wet,Metformin 500mg,Maintenance,141,10
2023-09-27,2023,9,2,27,39,Wet,Metformin 500mg,Maintenance,158,10
2023-10-08,2023,10,6,8,40,Wet,Metformin 500mg,Maintenance,139,10
2023-10-20,2023,10,4,20,42,Wet,Metformin 500mg,Maintenance,165,10
2023-10-29,2023,10,6,29,43,Wet,Metformin 500mg,Maintenance,151,10
2023-11-05,2023,11,6,5,44,Wet,Metformin 500mg,Maintenance,127,10
2023-11-16,2023,11,3,16,46,Wet,Metformin 500mg,Maintenance,143,10
2023-11-29,2023,11,2,29,48,Wet,Metformin 500mg,Maintenance,134,10
2023-12-06,2023,12,2,6,49,Dry,Metformin 500mg,Maintenance,141,10
2023-12-14,2023,12,3,14,50,Dry,Metformin 500mg,Maintenance,143,10
2023-12-26,2023,12,1,26,52,Dry,Metformin 500mg,Maintenance,147,10
2024-01-08,2024,1,0,8,2,Dry,Metformin 500mg,Maintenance,129,10
2024-01-15,2024,1,0,15,3,Dry,Metformin 500mg,Maintenance,154,10
2024-01-28,2024,1,6,28,4,Dry,Metformin 500mg,Maintenance,147,10
2024-02-04,2024,2,6,4,5,Dry,Metformin 500mg,Maintenance,139,10
2024-02-12,2024,2,0,12,7,Dry,Metformin 500mg,Maintenance,148,10
2024-02-21,2024,2,2,21,8,Dry,Metformin 500mg,Maintenance,147,10
2024-02-28,2024,2,2,28,9,Dry,Metformin 500mg,Maintenance,152,10
2024-03-12,2024,3,1,12,11,Dry,Metformin 500mg,Maintenance,137,10
2024-03-24,2024,3,6,24,12,Dry,Metformin 500mg,Maintenance,156,10
2024-04-06,2024,4,5,6,14,Dry,Metformin 500mg,Maintenance,160,10
2024-04-17,2024,4,2,17,16,Dry,Metformin 500mg,Maintenance,131,10
2024-04-30,2024,4,1,30,18,Dry,Metformin 500mg,Maintenance,159,10
2024-05-12,2024,5,6,12,19,Dry,Metformin 500mg,Maintenance,132,10
2024-05-21,2024,5,1,21,21,Dry,Metformin 500mg,Maintenance,131,10
2024-05-31,2024,5,4,31,22,Dry,Metformin 500mg,Maintenance,154,10
2024-06-08,2024,6,5,8,23,Wet,Metformin 500mg,Maintenance,150,10
2024-06-19,2024,6,2,19,25,Wet,Metformin 500mg,Maintenance,126,10
2024-06-28,2024,6,4,28,26,Wet,Metformin 500mg,Maintenance,139,10
2024-07-10,2024,7,2,10,28,Wet,Metformin 500mg,Maintenance,134,10
2024-07-19,2024,7,4,19,29,Wet,Metformin 500mg,Maintenance,144,10
2024-08-01,2024,8,3,1,31,Wet,Metformin 500mg,Maintenance,142,10
2024-08-08,2024,8,3,8,32,Wet,Metformin 500mg,Maintenance,151,10
2024-08-17,2024,8,5,17,33,Wet,Metformin 500mg,Maintenance,127,10
2024-08-27,2024,8,1,27,35,Wet,Metformin 500mg,Maintenance,147,10
2024-09-08,2024,9,6,8,36,Wet,Metformin 500mg,Maintenance,141,10
2024-09-18,2024,9,2,18,38,Wet,Metformin 500mg,Maintenance,148,10
2024-09-29,2024,9,6,29,39,Wet,Metformin 500mg,Maintenance,160,10
2024-10-11,2024,10,4,11,41,Wet,Metformin 500mg,Maintenance,143,10
2024-10-23,2024,10,2,23,43,Wet,Metformin 500mg,Maintenance,136,10
2024-10-31,2024,10,3,31,44,Wet,Metformin 500mg,Maintenance,142,10
2024-11-09,2024,11,5,9,45,Wet,Metformin 500mg,Maintenance,147,10
2024-11-21,2024,11,3,21,47,Wet,Metformin 500mg,Maintenance,134,10
2024-12-02,2024,12,0,2,49,Dry,Metformin 500mg,Maintenance,155,10
2024-12-13,2024,12,4,13,50,Dry,Metformin 500mg,Maintenance,152,10
2024-12-21,2024,12,5,21,51,Dry,Metformin 500mg,Maintenance,141,10
2025-01-01,2025,1,2,1,1,Dry,Metformin 500mg,Maintenance,133,10
2025-01-12,2025,1,6,12,2,Dry,Metformin 500mg,Maintenance,136,10
2025-01-19,2025,1,6,19,3,Dry,Metformin 500mg,Maintenance,163,10
2025-01-26,2025,1,6,26,4,Dry,Metformin 500mg,Maintenance,128,10
2025-02-04,2025,2,1,4,6,Dry,Metformin 500mg,Maintenance,126,10
2025-02-11,2025,2,1,11,7,Dry,Metformin 500mg,Maintenance,130,10
2025-02-24,2025,2,0,24,9,Dry,Metformin 500mg,Maintenance,134,10
2025-03-09,2025,3,6,9,10,Dry,Metformin 500mg,Maintenance,138,10
2025-03-17,2025,3,0,17,12,Dry,Metformin 500mg,Maintenance,135,10
2025-03-30,2025,3,6,30,13,Dry,Metformin 500mg,Maintenance,139,10
2025-04-07,2025,4,0,7,15,Dry,Metformin 500mg,Maintenance,158,10
2025-04-19,2025,4,5,19,16,Dry,Metformin 500mg,Maintenance,128,10
2025-04-28,2025,4,0,28,18,Dry,Metformin 500mg,Maintenance,125,10
2025-05-11,2025,5,6,11,19,Dry,Metformin 500mg,Maintenance,133,10
2025-05-22,2025,5,3,22,21,Dry,Metformin 500mg,Maintenance,178,10
2025-06-02,2025,6,0,2,23,Wet,Metformin 500mg,Maintenance,157,10
2025-06-14,2025,6,5,14,24,Wet,Metformin 500mg,Maintenance,137,10
2025-06-21,2025,6,5,21,25,Wet,Metformin 500mg,Maintenance,141,10
2025-06-28,2025,6,5,28,26,Wet,Metformin 500mg,Maintenance,160,10
2025-07-05,2025,7,5,5,27,Wet,Metformin 500mg,Maintenance,146,10
2025-07-13,2025,7,6,13,28,Wet,Metformin 500mg,Maintenance,153,10
2025-07-23,2025,7,2,23,30,Wet,Metformin 500mg,Maintenance,144,10
2025-08-04,2025,8,0,4,32,Wet,Metformin 500mg,Maintenance,117,10
2025-08-17,2025,8,6,17,33,Wet,Metformin 500mg,Maintenance,129,10
2025-08-28,2025,8,3,28,35,Wet,Metformin 500mg,Maintenance,140,10
2025-09-09,2025,9,1,9,37,Wet,Metformin 500mg,Maintenance,161,10
2025-09-21,2025,9,6,21,38,Wet,Metformin 500mg,Maintenance,153,10
2025-09-28,2025,9,6,28,39,Wet,Metformin 500mg,Maintenance,149,10
2025-10-11,2025,10,5,11,41,Wet,Metformin 500mg,Maintenance,122,10
2025-10-19,2025,10,6,19,42,Wet,Metformin 500mg,Maintenance,141,10
2025-10-27,2025,10,0,27,44,Wet,Metformin 500mg,Maintenance,147,10
2025-11-04,2025,11,1,4,45,Wet,Metformin 500mg,Maintenance,158,10
2025-11-14,2025,11,4,14,46,Wet,Metformin 500mg,Maintenance,148,10
2025-11-25,2025,11,1,25,48,Wet,Metformin 500mg,Maintenance,128,10
2025-12-08,2025,12,0,8,50,Dry,Metformin 500mg,Maintenance,155,10
2025-12-15,2025,12,0,15,51,Dry,Metformin 500mg,Maintenance,151,10
2025-12-22,2025,12,0,22,52,Dry,Metformin 500mg,Maintenance,119,10
2025-12-30,2025,12,1,30,1,Dry,Metformin 500mg,Maintenance,142,10
2026-01-07,2026,1,2,7,2,Dry,Metformin 500mg,Maintenance,154,10
2026-01-19,2026,1,0,19,4,Dry,Metformin 500mg,Maintenance,134,10
2026-01-29,2026,1,3,29,5,Dry,Metformin 500mg,Maintenance,121,10
2026-02-07,2026,2,5,7,6,Dry,Metformin 500mg,Maintenance,135,10
2026-02-15,2026,2,6,15,7,Dry,Metformin 500mg,Maintenance,128,10
2026-02-22,2026,2,6,22,8,Dry,Metformin 500mg,Maintenance,135,10
2026-03-06,2026,3,4,6,10,Dry,Metformin 500mg,Maintenance,146,10
2026-03-13,2026,3,4,13,11,Dry,Metformin 500mg,Maintenance,133,10
2026-03-20,2026,3,4,20,12,Dry,Metformin 500mg,Maintenance,139,10
2026-03-29,2026,3,6,29,13,Dry,Metformin 500mg,Maintenance,131,10
2026-04-06,2026,4,0,6,15,Dry,Metformin 500mg,Maintenance,133,10
2026-04-19,2026,4,6,19,16,Dry,Metformin 500mg,Maintenance,132,10
2026-04-30,2026,4,3,30,18,Dry,Metformin 500mg,Maintenance,117,10
2026-05-11,2026,5,0,11,20,Dry,Metformin 500mg,Maintenance,133,10
2026-05-20,2026,5,2,20,21,Dry,Metformin 500mg,Maintenance,128,10
2026-06-01,2026,6,0,1,23,Wet,Metformin 500mg,Maintenance,149,10
2026-06-12,2026,6,4,12,24,Wet,Metformin 500mg,Maintenance,127,10
2026-06-24,2026,6,2,24,26,Wet,Metformin 500mg,Maintenance,142,10
2026-07-03,2026,7,4,3,27,Wet,Metformin 500mg,Maintenance,144,10
2026-07-12,2026,7,6,12,28,Wet,Metformin 500mg,Maintenance,142,10
2026-07-20,2026,7,0,20,30,Wet,Metformin 500mg,Maintenance,121,10
2026-07-27,2026,7,0,27,31,Wet,Metformin 500mg,Maintenance,168,10
2026-08-04,2026,8,1,4,32,Wet,Metformin 500mg,Maintenance,133,10
2026-08-14,2026,8,4,14,33,Wet,Metformin 500mg,Maintenance,144,10
